DATE,day,season,variable,mean_kWh
9/1/17,Friday,Fall,time00:00,18.04
9/1/17,Friday,Fall,time01:00,17
9/1/17,Friday,Fall,time02:00,16.65333333
9/1/17,Friday,Fall,time03:00,16.42666667
9/1/17,Friday,Fall,time04:00,17.04
9/1/17,Friday,Fall,time05:00,18.34666667
9/1/17,Friday,Fall,time06:00,37.17333333
9/1/17,Friday,Fall,time07:00,55.56
9/1/17,Friday,Fall,time08:00,82.94666667
9/1/17,Friday,Fall,time09:00,99.78666667
9/1/17,Friday,Fall,time10:00,115.5466667
9/1/17,Friday,Fall,time11:00,141.2933333
9/1/17,Friday,Fall,time12:00,150.8533333
9/1/17,Friday,Fall,time13:00,156.9733333
9/1/17,Friday,Fall,time14:00,162.6
9/1/17,Friday,Fall,time15:00,133.9466667
9/1/17,Friday,Fall,time16:00,79.4
9/1/17,Friday,Fall,time17:00,53.66666667
9/1/17,Friday,Fall,time18:00,48.94666667
9/1/17,Friday,Fall,time19:00,43.38666667
9/1/17,Friday,Fall,time20:00,39.38666667
9/1/17,Friday,Fall,time21:00,35.76
9/1/17,Friday,Fall,time22:00,26.76
9/1/17,Friday,Fall,time23:00,21.21333333
9/2/17,Saturday,Fall,time00:00,18.94666667
9/2/17,Saturday,Fall,time01:00,17.53333333
9/2/17,Saturday,Fall,time02:00,17
9/2/17,Saturday,Fall,time03:00,16.46666667
9/2/17,Saturday,Fall,time04:00,16.61333333
9/2/17,Saturday,Fall,time05:00,17.14666667
9/2/17,Saturday,Fall,time06:00,17.66666667
9/2/17,Saturday,Fall,time07:00,15.50666667
9/2/17,Saturday,Fall,time08:00,14.96
9/2/17,Saturday,Fall,time09:00,15.84
9/2/17,Saturday,Fall,time10:00,15.98666667
9/2/17,Saturday,Fall,time11:00,16.54666667
9/2/17,Saturday,Fall,time12:00,17.70666667
9/2/17,Saturday,Fall,time13:00,18.8
9/2/17,Saturday,Fall,time14:00,23.41333333
9/2/17,Saturday,Fall,time15:00,27.70666667
9/2/17,Saturday,Fall,time16:00,32.88
9/2/17,Saturday,Fall,time17:00,33.74666667
9/2/17,Saturday,Fall,time18:00,33.05333333
9/2/17,Saturday,Fall,time19:00,26.22666667
9/2/17,Saturday,Fall,time20:00,25.38666667
9/2/17,Saturday,Fall,time21:00,23.74666667
9/2/17,Saturday,Fall,time22:00,22.13333333
9/2/17,Saturday,Fall,time23:00,21
9/3/17,Sunday,Fall,time00:00,19.22666667
9/3/17,Sunday,Fall,time01:00,18.06666667
9/3/17,Sunday,Fall,time02:00,17.44
9/3/17,Sunday,Fall,time03:00,17.02666667
9/3/17,Sunday,Fall,time04:00,17.37333333
9/3/17,Sunday,Fall,time05:00,17.53333333
9/3/17,Sunday,Fall,time06:00,18.38666667
9/3/17,Sunday,Fall,time07:00,16.10666667
9/3/17,Sunday,Fall,time08:00,15.49333333
9/3/17,Sunday,Fall,time09:00,16.09333333
9/3/17,Sunday,Fall,time10:00,17.68
9/3/17,Sunday,Fall,time11:00,17.96
9/3/17,Sunday,Fall,time12:00,18.26666667
9/3/17,Sunday,Fall,time13:00,19.74666667
9/3/17,Sunday,Fall,time14:00,22.6
9/3/17,Sunday,Fall,time15:00,25.2
9/3/17,Sunday,Fall,time16:00,27.36
9/3/17,Sunday,Fall,time17:00,25.46666667
9/3/17,Sunday,Fall,time18:00,23.62666667
9/3/17,Sunday,Fall,time19:00,20.32
9/3/17,Sunday,Fall,time20:00,21.86666667
9/3/17,Sunday,Fall,time21:00,21.22666667
9/3/17,Sunday,Fall,time22:00,20.21333333
9/3/17,Sunday,Fall,time23:00,19.92
9/4/17,Monday,Fall,time00:00,17.72
9/4/17,Monday,Fall,time01:00,17.05333333
9/4/17,Monday,Fall,time02:00,17.2
9/4/17,Monday,Fall,time03:00,16.88
9/4/17,Monday,Fall,time04:00,17.22666667
9/4/17,Monday,Fall,time05:00,17.21333333
9/4/17,Monday,Fall,time06:00,40.77333333
9/4/17,Monday,Fall,time07:00,47.62666667
9/4/17,Monday,Fall,time08:00,42.25333333
9/4/17,Monday,Fall,time09:00,44.85333333
9/4/17,Monday,Fall,time10:00,49.18666667
9/4/17,Monday,Fall,time11:00,53.21333333
9/4/17,Monday,Fall,time12:00,54.84
9/4/17,Monday,Fall,time13:00,52.81333333
9/4/17,Monday,Fall,time14:00,48.54666667
9/4/17,Monday,Fall,time15:00,41.90666667
9/4/17,Monday,Fall,time16:00,26.14666667
9/4/17,Monday,Fall,time17:00,18.93333333
9/4/17,Monday,Fall,time18:00,17.18666667
9/4/17,Monday,Fall,time19:00,17.68
9/4/17,Monday,Fall,time20:00,20.06666667
9/4/17,Monday,Fall,time21:00,19.93333333
9/4/17,Monday,Fall,time22:00,19.74666667
9/4/17,Monday,Fall,time23:00,19.25333333
9/5/17,Tuesday,Fall,time00:00,18.05333333
9/5/17,Tuesday,Fall,time01:00,16.84
9/5/17,Tuesday,Fall,time02:00,16.57333333
9/5/17,Tuesday,Fall,time03:00,16.29333333
9/5/17,Tuesday,Fall,time04:00,16.56
9/5/17,Tuesday,Fall,time05:00,18.58666667
9/5/17,Tuesday,Fall,time06:00,43.12
9/5/17,Tuesday,Fall,time07:00,71.09333333
9/5/17,Tuesday,Fall,time08:00,91.54666667
9/5/17,Tuesday,Fall,time09:00,102.7733333
9/5/17,Tuesday,Fall,time10:00,111.52
9/5/17,Tuesday,Fall,time11:00,120.24
9/5/17,Tuesday,Fall,time12:00,128.28
9/5/17,Tuesday,Fall,time13:00,135.0666667
9/5/17,Tuesday,Fall,time14:00,138.1466667
9/5/17,Tuesday,Fall,time15:00,109.92
9/5/17,Tuesday,Fall,time16:00,64.66666667
9/5/17,Tuesday,Fall,time17:00,42.08
9/5/17,Tuesday,Fall,time18:00,35.8
9/5/17,Tuesday,Fall,time19:00,33.65333333
9/5/17,Tuesday,Fall,time20:00,32.41333333
9/5/17,Tuesday,Fall,time21:00,29.4
9/5/17,Tuesday,Fall,time22:00,23.54666667
9/5/17,Tuesday,Fall,time23:00,19.74666667
9/6/17,Wednesday,Fall,time00:00,17.42666667
9/6/17,Wednesday,Fall,time01:00,16.42666667
9/6/17,Wednesday,Fall,time02:00,16.12
9/6/17,Wednesday,Fall,time03:00,16.30666667
9/6/17,Wednesday,Fall,time04:00,16.17333333
9/6/17,Wednesday,Fall,time05:00,18.22666667
9/6/17,Wednesday,Fall,time06:00,40
9/6/17,Wednesday,Fall,time07:00,57.6
9/6/17,Wednesday,Fall,time08:00,81.82666667
9/6/17,Wednesday,Fall,time09:00,97.42666667
9/6/17,Wednesday,Fall,time10:00,109.9733333
9/6/17,Wednesday,Fall,time11:00,119.2266667
9/6/17,Wednesday,Fall,time12:00,120.88
9/6/17,Wednesday,Fall,time13:00,125.0133333
9/6/17,Wednesday,Fall,time14:00,108.0533333
9/6/17,Wednesday,Fall,time15:00,92.37333333
9/6/17,Wednesday,Fall,time16:00,57.16
9/6/17,Wednesday,Fall,time17:00,43.57333333
9/6/17,Wednesday,Fall,time18:00,35.82666667
9/6/17,Wednesday,Fall,time19:00,33.88
9/6/17,Wednesday,Fall,time20:00,33.6
9/6/17,Wednesday,Fall,time21:00,29.64
9/6/17,Wednesday,Fall,time22:00,23.72
9/6/17,Wednesday,Fall,time23:00,19.61333333
9/7/17,Thursday,Fall,time00:00,17.85333333
9/7/17,Thursday,Fall,time01:00,16.28
9/7/17,Thursday,Fall,time02:00,16.36
9/7/17,Thursday,Fall,time03:00,16.28
9/7/17,Thursday,Fall,time04:00,16.84
9/7/17,Thursday,Fall,time05:00,18.49333333
9/7/17,Thursday,Fall,time06:00,40.12
9/7/17,Thursday,Fall,time07:00,55.88
9/7/17,Thursday,Fall,time08:00,76.33333333
9/7/17,Thursday,Fall,time09:00,85.85333333
9/7/17,Thursday,Fall,time10:00,92.2
9/7/17,Thursday,Fall,time11:00,96.77333333
9/7/17,Thursday,Fall,time12:00,94.36
9/7/17,Thursday,Fall,time13:00,96.73333333
9/7/17,Thursday,Fall,time14:00,98.86666667
9/7/17,Thursday,Fall,time15:00,79.96
9/7/17,Thursday,Fall,time16:00,50.81333333
9/7/17,Thursday,Fall,time17:00,34.54666667
9/7/17,Thursday,Fall,time18:00,29.64
9/7/17,Thursday,Fall,time19:00,30.45333333
9/7/17,Thursday,Fall,time20:00,30.57333333
9/7/17,Thursday,Fall,time21:00,29.72
9/7/17,Thursday,Fall,time22:00,25.50666667
9/7/17,Thursday,Fall,time23:00,21.6
9/8/17,Friday,Fall,time00:00,18.73333333
9/8/17,Friday,Fall,time01:00,18.49333333
9/8/17,Friday,Fall,time02:00,17.92
9/8/17,Friday,Fall,time03:00,17.13333333
9/8/17,Friday,Fall,time04:00,16.78666667
9/8/17,Friday,Fall,time05:00,19.38666667
9/8/17,Friday,Fall,time06:00,31.76
9/8/17,Friday,Fall,time07:00,48.58666667
9/8/17,Friday,Fall,time08:00,67.74666667
9/8/17,Friday,Fall,time09:00,76.69333333
9/8/17,Friday,Fall,time10:00,87.14666667
9/8/17,Friday,Fall,time11:00,99.12
9/8/17,Friday,Fall,time12:00,103.24
9/8/17,Friday,Fall,time13:00,106.2666667
9/8/17,Friday,Fall,time14:00,106.52
9/8/17,Friday,Fall,time15:00,87.61333333
9/8/17,Friday,Fall,time16:00,50.52
9/8/17,Friday,Fall,time17:00,32.21333333
9/8/17,Friday,Fall,time18:00,28.16
9/8/17,Friday,Fall,time19:00,27.74666667
9/8/17,Friday,Fall,time20:00,30.37333333
9/8/17,Friday,Fall,time21:00,29.66666667
9/8/17,Friday,Fall,time22:00,22.05333333
9/8/17,Friday,Fall,time23:00,18.49333333
9/9/17,Saturday,Fall,time00:00,16.92
9/9/17,Saturday,Fall,time01:00,15.73333333
9/9/17,Saturday,Fall,time02:00,15.65333333
9/9/17,Saturday,Fall,time03:00,15.97333333
9/9/17,Saturday,Fall,time04:00,15.93333333
9/9/17,Saturday,Fall,time05:00,16.89333333
9/9/17,Saturday,Fall,time06:00,17.94666667
9/9/17,Saturday,Fall,time07:00,15.53333333
9/9/17,Saturday,Fall,time08:00,14.56
9/9/17,Saturday,Fall,time09:00,15.26666667
9/9/17,Saturday,Fall,time10:00,16.06666667
9/9/17,Saturday,Fall,time11:00,15.52
9/9/17,Saturday,Fall,time12:00,15.52
9/9/17,Saturday,Fall,time13:00,15.24
9/9/17,Saturday,Fall,time14:00,16.2
9/9/17,Saturday,Fall,time15:00,16.14666667
9/9/17,Saturday,Fall,time16:00,16.62666667
9/9/17,Saturday,Fall,time17:00,16.69333333
9/9/17,Saturday,Fall,time18:00,17.78666667
9/9/17,Saturday,Fall,time19:00,18.14666667
9/9/17,Saturday,Fall,time20:00,19.6
9/9/17,Saturday,Fall,time21:00,19.01333333
9/9/17,Saturday,Fall,time22:00,19.32
9/9/17,Saturday,Fall,time23:00,18.8
9/10/17,Sunday,Fall,time00:00,16.70666667
9/10/17,Sunday,Fall,time01:00,16.12
9/10/17,Sunday,Fall,time02:00,15.61333333
9/10/17,Sunday,Fall,time03:00,16.04
9/10/17,Sunday,Fall,time04:00,15.77333333
9/10/17,Sunday,Fall,time05:00,16.50666667
9/10/17,Sunday,Fall,time06:00,17.56
9/10/17,Sunday,Fall,time07:00,15.21333333
9/10/17,Sunday,Fall,time08:00,14.6
9/10/17,Sunday,Fall,time09:00,15
9/10/17,Sunday,Fall,time10:00,15.25333333
9/10/17,Sunday,Fall,time11:00,15.29333333
9/10/17,Sunday,Fall,time12:00,16.05333333
9/10/17,Sunday,Fall,time13:00,16.32
9/10/17,Sunday,Fall,time14:00,16.90666667
9/10/17,Sunday,Fall,time15:00,20.05333333
9/10/17,Sunday,Fall,time16:00,18.65333333
9/10/17,Sunday,Fall,time17:00,18.88
9/10/17,Sunday,Fall,time18:00,21.34666667
9/10/17,Sunday,Fall,time19:00,20.12
9/10/17,Sunday,Fall,time20:00,21.34666667
9/10/17,Sunday,Fall,time21:00,20.06666667
9/10/17,Sunday,Fall,time22:00,19.78666667
9/10/17,Sunday,Fall,time23:00,18.89333333
9/11/17,Monday,Fall,time00:00,17.29333333
9/11/17,Monday,Fall,time01:00,16.56
9/11/17,Monday,Fall,time02:00,16.26666667
9/11/17,Monday,Fall,time03:00,16.10666667
9/11/17,Monday,Fall,time04:00,16.69333333
9/11/17,Monday,Fall,time05:00,18.13333333
9/11/17,Monday,Fall,time06:00,46.28
9/11/17,Monday,Fall,time07:00,72.06666667
9/11/17,Monday,Fall,time08:00,94.37333333
9/11/17,Monday,Fall,time09:00,108.3866667
9/11/17,Monday,Fall,time10:00,118.0266667
9/11/17,Monday,Fall,time11:00,128.6266667
9/11/17,Monday,Fall,time12:00,129.16
9/11/17,Monday,Fall,time13:00,133.6266667
9/11/17,Monday,Fall,time14:00,136.5333333
9/11/17,Monday,Fall,time15:00,117.3066667
9/11/17,Monday,Fall,time16:00,73.49333333
9/11/17,Monday,Fall,time17:00,52.54666667
9/11/17,Monday,Fall,time18:00,38.36
9/11/17,Monday,Fall,time19:00,35.12
9/11/17,Monday,Fall,time20:00,33.69333333
9/11/17,Monday,Fall,time21:00,28.53333333
9/11/17,Monday,Fall,time22:00,22.25333333
9/11/17,Monday,Fall,time23:00,20
9/12/17,Tuesday,Fall,time00:00,17.68
9/12/17,Tuesday,Fall,time01:00,17.14666667
9/12/17,Tuesday,Fall,time02:00,16.54666667
9/12/17,Tuesday,Fall,time03:00,16.57333333
9/12/17,Tuesday,Fall,time04:00,16.57333333
9/12/17,Tuesday,Fall,time05:00,18.69333333
9/12/17,Tuesday,Fall,time06:00,40.72
9/12/17,Tuesday,Fall,time07:00,59.73333333
9/12/17,Tuesday,Fall,time08:00,83.10666667
9/12/17,Tuesday,Fall,time09:00,94.05333333
9/12/17,Tuesday,Fall,time10:00,102.68
9/12/17,Tuesday,Fall,time11:00,118.2
9/12/17,Tuesday,Fall,time12:00,122.48
9/12/17,Tuesday,Fall,time13:00,127.8266667
9/12/17,Tuesday,Fall,time14:00,126.84
9/12/17,Tuesday,Fall,time15:00,104.3733333
9/12/17,Tuesday,Fall,time16:00,55.32
9/12/17,Tuesday,Fall,time17:00,39.58666667
9/12/17,Tuesday,Fall,time18:00,35.82
9/12/17,Tuesday,Fall,time19:00,38.56
9/12/17,Tuesday,Fall,time20:00,39.24
9/12/17,Tuesday,Fall,time21:00,32.54666667
9/12/17,Tuesday,Fall,time22:00,23.92
9/12/17,Tuesday,Fall,time23:00,19.28
9/13/17,Wednesday,Fall,time00:00,17.41333333
9/13/17,Wednesday,Fall,time01:00,16.49333333
9/13/17,Wednesday,Fall,time02:00,16.2
9/13/17,Wednesday,Fall,time03:00,16.09333333
9/13/17,Wednesday,Fall,time04:00,16.84
9/13/17,Wednesday,Fall,time05:00,18.32
9/13/17,Wednesday,Fall,time06:00,37.97333333
9/13/17,Wednesday,Fall,time07:00,52.25333333
9/13/17,Wednesday,Fall,time08:00,94.17333333
9/13/17,Wednesday,Fall,time09:00,82.02666667
9/13/17,Wednesday,Fall,time10:00,85.42666667
9/13/17,Wednesday,Fall,time11:00,90.33333333
9/13/17,Wednesday,Fall,time12:00,87.74666667
9/13/17,Wednesday,Fall,time13:00,86.72
9/13/17,Wednesday,Fall,time14:00,79.90666667
9/13/17,Wednesday,Fall,time15:00,65.61333333
9/13/17,Wednesday,Fall,time16:00,45.86666667
9/13/17,Wednesday,Fall,time17:00,31.61333333
9/13/17,Wednesday,Fall,time18:00,28.04
9/13/17,Wednesday,Fall,time19:00,27.92
9/13/17,Wednesday,Fall,time20:00,30.24
9/13/17,Wednesday,Fall,time21:00,24.94666667
9/13/17,Wednesday,Fall,time22:00,19.17333333
9/13/17,Wednesday,Fall,time23:00,18.73333333
9/14/17,Thursday,Fall,time00:00,16.61333333
9/14/17,Thursday,Fall,time01:00,15.94666667
9/14/17,Thursday,Fall,time02:00,15.98666667
9/14/17,Thursday,Fall,time03:00,15.94666667
9/14/17,Thursday,Fall,time04:00,16.44
9/14/17,Thursday,Fall,time05:00,18.57333333
9/14/17,Thursday,Fall,time06:00,30.4
9/14/17,Thursday,Fall,time07:00,45.12
9/14/17,Thursday,Fall,time08:00,66.44
9/14/17,Thursday,Fall,time09:00,72.12
9/14/17,Thursday,Fall,time10:00,74.52
9/14/17,Thursday,Fall,time11:00,80.2
9/14/17,Thursday,Fall,time12:00,86.16
9/14/17,Thursday,Fall,time13:00,89.78666667
9/14/17,Thursday,Fall,time14:00,92.85333333
9/14/17,Thursday,Fall,time15:00,73.21333333
9/14/17,Thursday,Fall,time16:00,42.98666667
9/14/17,Thursday,Fall,time17:00,30.28
9/14/17,Thursday,Fall,time18:00,28.14666667
9/14/17,Thursday,Fall,time19:00,29.58666667
9/14/17,Thursday,Fall,time20:00,29.37333333
9/14/17,Thursday,Fall,time21:00,25.65333333
9/14/17,Thursday,Fall,time22:00,20.41333333
9/14/17,Thursday,Fall,time23:00,18.64
9/15/17,Friday,Fall,time00:00,16.73333333
9/15/17,Friday,Fall,time01:00,15.92
9/15/17,Friday,Fall,time02:00,15.98666667
9/15/17,Friday,Fall,time03:00,16.04
9/15/17,Friday,Fall,time04:00,16.12
9/15/17,Friday,Fall,time05:00,18.26666667
9/15/17,Friday,Fall,time06:00,29.30666667
9/15/17,Friday,Fall,time07:00,43.50666667
9/15/17,Friday,Fall,time08:00,62.68
9/15/17,Friday,Fall,time09:00,66.05333333
9/15/17,Friday,Fall,time10:00,69.96
9/15/17,Friday,Fall,time11:00,80.64
9/15/17,Friday,Fall,time12:00,91.17333333
9/15/17,Friday,Fall,time13:00,95.64
9/15/17,Friday,Fall,time14:00,97.37333333
9/15/17,Friday,Fall,time15:00,80.70666667
9/15/17,Friday,Fall,time16:00,48.77333333
9/15/17,Friday,Fall,time17:00,37.54666667
9/15/17,Friday,Fall,time18:00,32.97333333
9/15/17,Friday,Fall,time19:00,30.68
9/15/17,Friday,Fall,time20:00,29.8
9/15/17,Friday,Fall,time21:00,29.48
9/15/17,Friday,Fall,time22:00,24.18666667
9/15/17,Friday,Fall,time23:00,17.4
9/16/17,Saturday,Fall,time00:00,15.73333333
9/16/17,Saturday,Fall,time01:00,14.76
9/16/17,Saturday,Fall,time02:00,14.65333333
9/16/17,Saturday,Fall,time03:00,14.6
9/16/17,Saturday,Fall,time04:00,14.77333333
9/16/17,Saturday,Fall,time05:00,15.64
9/16/17,Saturday,Fall,time06:00,16.86666667
9/16/17,Saturday,Fall,time07:00,15.21333333
9/16/17,Saturday,Fall,time08:00,17.29333333
9/16/17,Saturday,Fall,time09:00,19.26666667
9/16/17,Saturday,Fall,time10:00,19.28
9/16/17,Saturday,Fall,time11:00,21.16
9/16/17,Saturday,Fall,time12:00,19.34666667
9/16/17,Saturday,Fall,time13:00,18.52
9/16/17,Saturday,Fall,time14:00,18.56
9/16/17,Saturday,Fall,time15:00,18.42666667
9/16/17,Saturday,Fall,time16:00,18.42666667
9/16/17,Saturday,Fall,time17:00,18.29333333
9/16/17,Saturday,Fall,time18:00,17.46666667
9/16/17,Saturday,Fall,time19:00,17.32
9/16/17,Saturday,Fall,time20:00,18.38666667
9/16/17,Saturday,Fall,time21:00,19
9/16/17,Saturday,Fall,time22:00,17.84
9/16/17,Saturday,Fall,time23:00,17.58666667
9/17/17,Sunday,Fall,time00:00,15.93333333
9/17/17,Sunday,Fall,time01:00,15.02666667
9/17/17,Sunday,Fall,time02:00,14.81333333
9/17/17,Sunday,Fall,time03:00,15.02666667
9/17/17,Sunday,Fall,time04:00,15.05333333
9/17/17,Sunday,Fall,time05:00,16.25333333
9/17/17,Sunday,Fall,time06:00,16.97333333
9/17/17,Sunday,Fall,time07:00,14.33333333
9/17/17,Sunday,Fall,time08:00,13.45333333
9/17/17,Sunday,Fall,time09:00,13.62666667
9/17/17,Sunday,Fall,time10:00,13.76
9/17/17,Sunday,Fall,time11:00,13.85333333
9/17/17,Sunday,Fall,time12:00,14.24
9/17/17,Sunday,Fall,time13:00,14.58666667
9/17/17,Sunday,Fall,time14:00,15.06666667
9/17/17,Sunday,Fall,time15:00,15.78666667
9/17/17,Sunday,Fall,time16:00,16.62666667
9/17/17,Sunday,Fall,time17:00,15.02666667
9/17/17,Sunday,Fall,time18:00,15.14666667
9/17/17,Sunday,Fall,time19:00,16.4
9/17/17,Sunday,Fall,time20:00,17.81333333
9/17/17,Sunday,Fall,time21:00,17.78666667
9/17/17,Sunday,Fall,time22:00,18.05333333
9/17/17,Sunday,Fall,time23:00,17.13333333
9/18/17,Monday,Fall,time00:00,15.70666667
9/18/17,Monday,Fall,time01:00,14.89333333
9/18/17,Monday,Fall,time02:00,15.25333333
9/18/17,Monday,Fall,time03:00,14.61333333
9/18/17,Monday,Fall,time04:00,14.81333333
9/18/17,Monday,Fall,time05:00,16.85333333
9/18/17,Monday,Fall,time06:00,27.2
9/18/17,Monday,Fall,time07:00,43.25333333
9/18/17,Monday,Fall,time08:00,62.2
9/18/17,Monday,Fall,time09:00,67.98666667
9/18/17,Monday,Fall,time10:00,76.69333333
9/18/17,Monday,Fall,time11:00,91.29333333
9/18/17,Monday,Fall,time12:00,98.62666667
9/18/17,Monday,Fall,time13:00,101.48
9/18/17,Monday,Fall,time14:00,106.5466667
9/18/17,Monday,Fall,time15:00,88.46666667
9/18/17,Monday,Fall,time16:00,55.89333333
9/18/17,Monday,Fall,time17:00,42.45333333
9/18/17,Monday,Fall,time18:00,45.25333333
9/18/17,Monday,Fall,time19:00,45.12
9/18/17,Monday,Fall,time20:00,34.78666667
9/18/17,Monday,Fall,time21:00,26.46666667
9/18/17,Monday,Fall,time22:00,22.94666667
9/18/17,Monday,Fall,time23:00,19.04
9/19/17,Tuesday,Fall,time00:00,17.14666667
9/19/17,Tuesday,Fall,time01:00,16.18666667
9/19/17,Tuesday,Fall,time02:00,16.26666667
9/19/17,Tuesday,Fall,time03:00,15.86666667
9/19/17,Tuesday,Fall,time04:00,16.70666667
9/19/17,Tuesday,Fall,time05:00,17.97333333
9/19/17,Tuesday,Fall,time06:00,29.42666667
9/19/17,Tuesday,Fall,time07:00,42.85333333
9/19/17,Tuesday,Fall,time08:00,58.16
9/19/17,Tuesday,Fall,time09:00,64.73333333
9/19/17,Tuesday,Fall,time10:00,69.69333333
9/19/17,Tuesday,Fall,time11:00,78.76
9/19/17,Tuesday,Fall,time12:00,85.26666667
9/19/17,Tuesday,Fall,time13:00,93.37333333
9/19/17,Tuesday,Fall,time14:00,99.26666667
9/19/17,Tuesday,Fall,time15:00,78.85333333
9/19/17,Tuesday,Fall,time16:00,43.46666667
9/19/17,Tuesday,Fall,time17:00,34.37333333
9/19/17,Tuesday,Fall,time18:00,28.85333333
9/19/17,Tuesday,Fall,time19:00,31.49333333
9/19/17,Tuesday,Fall,time20:00,31.22666667
9/19/17,Tuesday,Fall,time21:00,29.8
9/19/17,Tuesday,Fall,time22:00,22.72
9/19/17,Tuesday,Fall,time23:00,18.96
9/20/17,Wednesday,Fall,time00:00,16.96
9/20/17,Wednesday,Fall,time01:00,16.29333333
9/20/17,Wednesday,Fall,time02:00,16.04
9/20/17,Wednesday,Fall,time03:00,16.02666667
9/20/17,Wednesday,Fall,time04:00,16.66666667
9/20/17,Wednesday,Fall,time05:00,18.50666667
9/20/17,Wednesday,Fall,time06:00,28.90666667
9/20/17,Wednesday,Fall,time07:00,42.02666667
9/20/17,Wednesday,Fall,time08:00,59.78666667
9/20/17,Wednesday,Fall,time09:00,68.41333333
9/20/17,Wednesday,Fall,time10:00,75.82666667
9/20/17,Wednesday,Fall,time11:00,86.45333333
9/20/17,Wednesday,Fall,time12:00,91.14666667
9/20/17,Wednesday,Fall,time13:00,92.32
9/20/17,Wednesday,Fall,time14:00,88.65333333
9/20/17,Wednesday,Fall,time15:00,67.85333333
9/20/17,Wednesday,Fall,time16:00,43.4
9/20/17,Wednesday,Fall,time17:00,30.22666667
9/20/17,Wednesday,Fall,time18:00,27.49333333
9/20/17,Wednesday,Fall,time19:00,30.12
9/20/17,Wednesday,Fall,time20:00,30.2
9/20/17,Wednesday,Fall,time21:00,29.08
9/20/17,Wednesday,Fall,time22:00,22.22666667
9/20/17,Wednesday,Fall,time23:00,18.49333333
9/21/17,Thursday,Fall,time00:00,15.94666667
9/21/17,Thursday,Fall,time01:00,15.50666667
9/21/17,Thursday,Fall,time02:00,15.44
9/21/17,Thursday,Fall,time03:00,15.06666667
9/21/17,Thursday,Fall,time04:00,15.73333333
9/21/17,Thursday,Fall,time05:00,17.76
9/21/17,Thursday,Fall,time06:00,29.2
9/21/17,Thursday,Fall,time07:00,41.93333333
9/21/17,Thursday,Fall,time08:00,58.58666667
9/21/17,Thursday,Fall,time09:00,65.88
9/21/17,Thursday,Fall,time10:00,68.45333333
9/21/17,Thursday,Fall,time11:00,74.2
9/21/17,Thursday,Fall,time12:00,79.33333333
9/21/17,Thursday,Fall,time13:00,84.2
9/21/17,Thursday,Fall,time14:00,88.21333333
9/21/17,Thursday,Fall,time15:00,70.01333333
9/21/17,Thursday,Fall,time16:00,42.08
9/21/17,Thursday,Fall,time17:00,31.66666667
9/21/17,Thursday,Fall,time18:00,26.65333333
9/21/17,Thursday,Fall,time19:00,28.10666667
9/21/17,Thursday,Fall,time20:00,29.01333333
9/21/17,Thursday,Fall,time21:00,26.8
9/21/17,Thursday,Fall,time22:00,21.13333333
9/21/17,Thursday,Fall,time23:00,18.16
9/22/17,Friday,Fall,time00:00,15.94666667
9/22/17,Friday,Fall,time01:00,15.34666667
9/22/17,Friday,Fall,time02:00,14.84
9/22/17,Friday,Fall,time03:00,14.82666667
9/22/17,Friday,Fall,time04:00,15.2
9/22/17,Friday,Fall,time05:00,17.22666667
9/22/17,Friday,Fall,time06:00,28.32
9/22/17,Friday,Fall,time07:00,43.29333333
9/22/17,Friday,Fall,time08:00,62.50666667
9/22/17,Friday,Fall,time09:00,63.96
9/22/17,Friday,Fall,time10:00,64.90666667
9/22/17,Friday,Fall,time11:00,70.34666667
9/22/17,Friday,Fall,time12:00,75.77333333
9/22/17,Friday,Fall,time13:00,77.81333333
9/22/17,Friday,Fall,time14:00,82.88
9/22/17,Friday,Fall,time15:00,70.81333333
9/22/17,Friday,Fall,time16:00,45.26666667
9/22/17,Friday,Fall,time17:00,31.66666667
9/22/17,Friday,Fall,time18:00,25.97333333
9/22/17,Friday,Fall,time19:00,27.16
9/22/17,Friday,Fall,time20:00,27.94666667
9/22/17,Friday,Fall,time21:00,27.30666667
9/22/17,Friday,Fall,time22:00,21.49333333
9/22/17,Friday,Fall,time23:00,18.2
9/23/17,Saturday,Fall,time00:00,15.97333333
9/23/17,Saturday,Fall,time01:00,15.41333333
9/23/17,Saturday,Fall,time02:00,15.05333333
9/23/17,Saturday,Fall,time03:00,15.01333333
9/23/17,Saturday,Fall,time04:00,15.38666667
9/23/17,Saturday,Fall,time05:00,15.90666667
9/23/17,Saturday,Fall,time06:00,17.17333333
9/23/17,Saturday,Fall,time07:00,14.77333333
9/23/17,Saturday,Fall,time08:00,14.14666667
9/23/17,Saturday,Fall,time09:00,16.12
9/23/17,Saturday,Fall,time10:00,16.36
9/23/17,Saturday,Fall,time11:00,16.36
9/23/17,Saturday,Fall,time12:00,18.13333333
9/23/17,Saturday,Fall,time13:00,17.88
9/23/17,Saturday,Fall,time14:00,16.98666667
9/23/17,Saturday,Fall,time15:00,20.02666667
9/23/17,Saturday,Fall,time16:00,19.58666667
9/23/17,Saturday,Fall,time17:00,15.72
9/23/17,Saturday,Fall,time18:00,15.65333333
9/23/17,Saturday,Fall,time19:00,17.06666667
9/23/17,Saturday,Fall,time20:00,18.32
9/23/17,Saturday,Fall,time21:00,18.48
9/23/17,Saturday,Fall,time22:00,18.54666667
9/23/17,Saturday,Fall,time23:00,17.64
9/24/17,Sunday,Fall,time00:00,15.78666667
9/24/17,Sunday,Fall,time01:00,15.53333333
9/24/17,Sunday,Fall,time02:00,15.10666667
9/24/17,Sunday,Fall,time03:00,15.22666667
9/24/17,Sunday,Fall,time04:00,15.28
9/24/17,Sunday,Fall,time05:00,15.94666667
9/24/17,Sunday,Fall,time06:00,17.01333333
9/24/17,Sunday,Fall,time07:00,14.74666667
9/24/17,Sunday,Fall,time08:00,14.22666667
9/24/17,Sunday,Fall,time09:00,14.89333333
9/24/17,Sunday,Fall,time10:00,15.10666667
9/24/17,Sunday,Fall,time11:00,16.2
9/24/17,Sunday,Fall,time12:00,17.68
9/24/17,Sunday,Fall,time13:00,16.89333333
9/24/17,Sunday,Fall,time14:00,17.18666667
9/24/17,Sunday,Fall,time15:00,17.4
9/24/17,Sunday,Fall,time16:00,18.32
9/24/17,Sunday,Fall,time17:00,18.4
9/24/17,Sunday,Fall,time18:00,19.37333333
9/24/17,Sunday,Fall,time19:00,21.24
9/24/17,Sunday,Fall,time20:00,21.12
9/24/17,Sunday,Fall,time21:00,19.46666667
9/24/17,Sunday,Fall,time22:00,17.70666667
9/24/17,Sunday,Fall,time23:00,17.4
9/25/17,Monday,Fall,time00:00,15.94666667
9/25/17,Monday,Fall,time01:00,14.81333333
9/25/17,Monday,Fall,time02:00,15.36
9/25/17,Monday,Fall,time03:00,14.86666667
9/25/17,Monday,Fall,time04:00,14.92
9/25/17,Monday,Fall,time05:00,17.10666667
9/25/17,Monday,Fall,time06:00,28.65333333
9/25/17,Monday,Fall,time07:00,42.05333333
9/25/17,Monday,Fall,time08:00,59.46666667
9/25/17,Monday,Fall,time09:00,65.82666667
9/25/17,Monday,Fall,time10:00,72.08
9/25/17,Monday,Fall,time11:00,84.25333333
9/25/17,Monday,Fall,time12:00,97.68
9/25/17,Monday,Fall,time13:00,102.12
9/25/17,Monday,Fall,time14:00,102.6
9/25/17,Monday,Fall,time15:00,86.93333333
9/25/17,Monday,Fall,time16:00,53.04
9/25/17,Monday,Fall,time17:00,38.56
9/25/17,Monday,Fall,time18:00,30.96
9/25/17,Monday,Fall,time19:00,29.94666667
9/25/17,Monday,Fall,time20:00,29.54666667
9/25/17,Monday,Fall,time21:00,28.01333333
9/25/17,Monday,Fall,time22:00,21.13333333
9/25/17,Monday,Fall,time23:00,16.97333333
9/26/17,Tuesday,Fall,time00:00,15.4
9/26/17,Tuesday,Fall,time01:00,14.32
9/26/17,Tuesday,Fall,time02:00,14.37333333
9/26/17,Tuesday,Fall,time03:00,14.38666667
9/26/17,Tuesday,Fall,time04:00,14.44
9/26/17,Tuesday,Fall,time05:00,17.04
9/26/17,Tuesday,Fall,time06:00,27.24
9/26/17,Tuesday,Fall,time07:00,44.18666667
9/26/17,Tuesday,Fall,time08:00,64.18666667
9/26/17,Tuesday,Fall,time09:00,76.2
9/26/17,Tuesday,Fall,time10:00,88.62666667
9/26/17,Tuesday,Fall,time11:00,104.0533333
9/26/17,Tuesday,Fall,time12:00,111.6933333
9/26/17,Tuesday,Fall,time13:00,114.56
9/26/17,Tuesday,Fall,time14:00,112.6933333
9/26/17,Tuesday,Fall,time15:00,89.21333333
9/26/17,Tuesday,Fall,time16:00,52
9/26/17,Tuesday,Fall,time17:00,36.6
9/26/17,Tuesday,Fall,time18:00,33.68
9/26/17,Tuesday,Fall,time19:00,34.8
9/26/17,Tuesday,Fall,time20:00,31.72
9/26/17,Tuesday,Fall,time21:00,28.04
9/26/17,Tuesday,Fall,time22:00,20.17333333
9/26/17,Tuesday,Fall,time23:00,17.02666667
9/27/17,Wednesday,Fall,time00:00,15.98666667
9/27/17,Wednesday,Fall,time01:00,14.32
9/27/17,Wednesday,Fall,time02:00,14.54666667
9/27/17,Wednesday,Fall,time03:00,14.34666667
9/27/17,Wednesday,Fall,time04:00,14.50666667
9/27/17,Wednesday,Fall,time05:00,16.77333333
9/27/17,Wednesday,Fall,time06:00,30.14666667
9/27/17,Wednesday,Fall,time07:00,46.2
9/27/17,Wednesday,Fall,time08:00,63.57333333
9/27/17,Wednesday,Fall,time09:00,77.92
9/27/17,Wednesday,Fall,time10:00,94.48
9/27/17,Wednesday,Fall,time11:00,107.6933333
9/27/17,Wednesday,Fall,time12:00,120.84
9/27/17,Wednesday,Fall,time13:00,119.7066667
9/27/17,Wednesday,Fall,time14:00,116.5866667
9/27/17,Wednesday,Fall,time15:00,92.81333333
9/27/17,Wednesday,Fall,time16:00,56.41333333
9/27/17,Wednesday,Fall,time17:00,37.25333333
9/27/17,Wednesday,Fall,time18:00,29.98666667
9/27/17,Wednesday,Fall,time19:00,30.52
9/27/17,Wednesday,Fall,time20:00,29.24
9/27/17,Wednesday,Fall,time21:00,25.89333333
9/27/17,Wednesday,Fall,time22:00,20.12
9/27/17,Wednesday,Fall,time23:00,18.04
9/28/17,Thursday,Fall,time00:00,16.05333333
9/28/17,Thursday,Fall,time01:00,15.50666667
9/28/17,Thursday,Fall,time02:00,15.48
9/28/17,Thursday,Fall,time03:00,15.49333333
9/28/17,Thursday,Fall,time04:00,15.45333333
9/28/17,Thursday,Fall,time05:00,17.62666667
9/28/17,Thursday,Fall,time06:00,30.56
9/28/17,Thursday,Fall,time07:00,44.52
9/28/17,Thursday,Fall,time08:00,61.57333333
9/28/17,Thursday,Fall,time09:00,71.65333333
9/28/17,Thursday,Fall,time10:00,83.13333333
9/28/17,Thursday,Fall,time11:00,98.06666667
9/28/17,Thursday,Fall,time12:00,113.2933333
9/28/17,Thursday,Fall,time13:00,115.28
9/28/17,Thursday,Fall,time14:00,117.4933333
9/28/17,Thursday,Fall,time15:00,92.34666667
9/28/17,Thursday,Fall,time16:00,53.4
9/28/17,Thursday,Fall,time17:00,39.26666667
9/28/17,Thursday,Fall,time18:00,32.18666667
9/28/17,Thursday,Fall,time19:00,30.66666667
9/28/17,Thursday,Fall,time20:00,26.81333333
9/28/17,Thursday,Fall,time21:00,26.4
9/28/17,Thursday,Fall,time22:00,21.45333333
9/28/17,Thursday,Fall,time23:00,18.22666667
9/29/17,Friday,Fall,time00:00,16.2
9/29/17,Friday,Fall,time01:00,15.49333333
9/29/17,Friday,Fall,time02:00,15.28
9/29/17,Friday,Fall,time03:00,15.58666667
9/29/17,Friday,Fall,time04:00,15.37333333
9/29/17,Friday,Fall,time05:00,18.08
9/29/17,Friday,Fall,time06:00,30.56
9/29/17,Friday,Fall,time07:00,45.09333333
9/29/17,Friday,Fall,time08:00,61.74666667
9/29/17,Friday,Fall,time09:00,67.8
9/29/17,Friday,Fall,time10:00,78.01333333
9/29/17,Friday,Fall,time11:00,87.94666667
9/29/17,Friday,Fall,time12:00,96.96
9/29/17,Friday,Fall,time13:00,103.8533333
9/29/17,Friday,Fall,time14:00,105.3866667
9/29/17,Friday,Fall,time15:00,85.06666667
9/29/17,Friday,Fall,time16:00,49.73333333
9/29/17,Friday,Fall,time17:00,32.52
9/29/17,Friday,Fall,time18:00,25.21333333
9/29/17,Friday,Fall,time19:00,25.78666667
9/29/17,Friday,Fall,time20:00,25.61333333
9/29/17,Friday,Fall,time21:00,25.94666667
9/29/17,Friday,Fall,time22:00,19.74666667
9/29/17,Friday,Fall,time23:00,17.52
9/30/17,Saturday,Fall,time00:00,15.70666667
9/30/17,Saturday,Fall,time01:00,17.58666667
9/30/17,Saturday,Fall,time02:00,16.04
9/30/17,Saturday,Fall,time03:00,14.13333333
9/30/17,Saturday,Fall,time04:00,13.90666667
9/30/17,Saturday,Fall,time05:00,13.4
9/30/17,Saturday,Fall,time06:00,14.28
9/30/17,Saturday,Fall,time07:00,12.53333333
9/30/17,Saturday,Fall,time08:00,11.89333333
9/30/17,Saturday,Fall,time09:00,12.04
9/30/17,Saturday,Fall,time10:00,12.8
9/30/17,Saturday,Fall,time11:00,13.12
9/30/17,Saturday,Fall,time12:00,14.53333333
9/30/17,Saturday,Fall,time13:00,15.86666667
9/30/17,Saturday,Fall,time14:00,17.16
9/30/17,Saturday,Fall,time15:00,18.01333333
9/30/17,Saturday,Fall,time16:00,18.56
9/30/17,Saturday,Fall,time17:00,18.98666667
9/30/17,Saturday,Fall,time18:00,19.17333333
9/30/17,Saturday,Fall,time19:00,21.29333333
9/30/17,Saturday,Fall,time20:00,21.52
9/30/17,Saturday,Fall,time21:00,21.65333333
9/30/17,Saturday,Fall,time22:00,19.26666667
9/30/17,Saturday,Fall,time23:00,17.92
10/1/17,Sunday,Fall,time00:00,16.22666667
10/1/17,Sunday,Fall,time01:00,15.86666667
10/1/17,Sunday,Fall,time02:00,14.97333333
10/1/17,Sunday,Fall,time03:00,14.24
10/1/17,Sunday,Fall,time04:00,13.44
10/1/17,Sunday,Fall,time05:00,13.46666667
10/1/17,Sunday,Fall,time06:00,14.53333333
10/1/17,Sunday,Fall,time07:00,12.56
10/1/17,Sunday,Fall,time08:00,13.16
10/1/17,Sunday,Fall,time09:00,13.96
10/1/17,Sunday,Fall,time10:00,13.36
10/1/17,Sunday,Fall,time11:00,14.45333333
10/1/17,Sunday,Fall,time12:00,15.76
10/1/17,Sunday,Fall,time13:00,16.29333333
10/1/17,Sunday,Fall,time14:00,15.42666667
10/1/17,Sunday,Fall,time15:00,17.16
10/1/17,Sunday,Fall,time16:00,18.49333333
10/1/17,Sunday,Fall,time17:00,18.98666667
10/1/17,Sunday,Fall,time18:00,17.90666667
10/1/17,Sunday,Fall,time19:00,19.66666667
10/1/17,Sunday,Fall,time20:00,20.33333333
10/1/17,Sunday,Fall,time21:00,19.38666667
10/1/17,Sunday,Fall,time22:00,18.73333333
10/1/17,Sunday,Fall,time23:00,17.70666667
10/2/17,Monday,Fall,time00:00,14.55633333
10/2/17,Monday,Fall,time01:00,16.45333333
10/2/17,Monday,Fall,time02:00,15.8
10/2/17,Monday,Fall,time03:00,15.25333333
10/2/17,Monday,Fall,time04:00,14.44
10/2/17,Monday,Fall,time05:00,15.48
10/2/17,Monday,Fall,time06:00,20.16
10/2/17,Monday,Fall,time07:00,31.10666667
10/2/17,Monday,Fall,time08:00,44.72
10/2/17,Monday,Fall,time09:00,36.34666667
10/2/17,Monday,Fall,time10:00,24.828
10/2/17,Monday,Fall,time11:00,28.328
10/2/17,Monday,Fall,time12:00,28.80433333
10/2/17,Monday,Fall,time13:00,30.62633333
10/2/17,Monday,Fall,time14:00,33.16866667
10/2/17,Monday,Fall,time15:00,23.324
10/2/17,Monday,Fall,time16:00,12.28833333
10/2/17,Monday,Fall,time17:00,9.524666667
10/2/17,Monday,Fall,time18:00,10.737
10/2/17,Monday,Fall,time19:00,12.063
10/2/17,Monday,Fall,time20:00,11.95033333
10/2/17,Monday,Fall,time21:00,12.15133333
10/2/17,Monday,Fall,time22:00,10.40033333
10/2/17,Monday,Fall,time23:00,9.040666667
10/3/17,Tuesday,Fall,time00:00,10.29366667
10/3/17,Tuesday,Fall,time01:00,8.100666667
10/3/17,Tuesday,Fall,time02:00,7.914
10/3/17,Tuesday,Fall,time03:00,18.51466667
10/3/17,Tuesday,Fall,time04:00,17.36
10/3/17,Tuesday,Fall,time05:00,18.45333333
10/3/17,Tuesday,Fall,time06:00,28.70666667
10/3/17,Tuesday,Fall,time07:00,45.98666667
10/3/17,Tuesday,Fall,time08:00,61.64
10/3/17,Tuesday,Fall,time09:00,62.56
10/3/17,Tuesday,Fall,time10:00,66.58666667
10/3/17,Tuesday,Fall,time11:00,72.04
10/3/17,Tuesday,Fall,time12:00,78.01333333
10/3/17,Tuesday,Fall,time13:00,79.73333333
10/3/17,Tuesday,Fall,time14:00,85.28
10/3/17,Tuesday,Fall,time15:00,71.84
10/3/17,Tuesday,Fall,time16:00,45.30666667
10/3/17,Tuesday,Fall,time17:00,36.65333333
10/3/17,Tuesday,Fall,time18:00,30.72
10/3/17,Tuesday,Fall,time19:00,29.82666667
10/3/17,Tuesday,Fall,time20:00,29.62666667
10/3/17,Tuesday,Fall,time21:00,27.21333333
10/3/17,Tuesday,Fall,time22:00,20.84
10/3/17,Tuesday,Fall,time23:00,17.56
10/4/17,Wednesday,Fall,time00:00,15.37333333
10/4/17,Wednesday,Fall,time01:00,14.73333333
10/4/17,Wednesday,Fall,time02:00,14.90666667
10/4/17,Wednesday,Fall,time03:00,15.25333333
10/4/17,Wednesday,Fall,time04:00,14.52
10/4/17,Wednesday,Fall,time05:00,17.06666667
10/4/17,Wednesday,Fall,time06:00,27.44
10/4/17,Wednesday,Fall,time07:00,44.29333333
10/4/17,Wednesday,Fall,time08:00,63.26666667
10/4/17,Wednesday,Fall,time09:00,64.62666667
10/4/17,Wednesday,Fall,time10:00,68.24
10/4/17,Wednesday,Fall,time11:00,73.08
10/4/17,Wednesday,Fall,time12:00,75.84
10/4/17,Wednesday,Fall,time13:00,87.49333333
10/4/17,Wednesday,Fall,time14:00,86.33333333
10/4/17,Wednesday,Fall,time15:00,71.09333333
10/4/17,Wednesday,Fall,time16:00,45.46666667
10/4/17,Wednesday,Fall,time17:00,31.86666667
10/4/17,Wednesday,Fall,time18:00,29.38666667
10/4/17,Wednesday,Fall,time19:00,32.2
10/4/17,Wednesday,Fall,time20:00,29.53333333
10/4/17,Wednesday,Fall,time21:00,28.82666667
10/4/17,Wednesday,Fall,time22:00,21.45333333
10/4/17,Wednesday,Fall,time23:00,17.45333333
10/5/17,Thursday,Fall,time00:00,15.58666667
10/5/17,Thursday,Fall,time01:00,15
10/5/17,Thursday,Fall,time02:00,14.6
10/5/17,Thursday,Fall,time03:00,14.70666667
10/5/17,Thursday,Fall,time04:00,14.42666667
10/5/17,Thursday,Fall,time05:00,16.74666667
10/5/17,Thursday,Fall,time06:00,28.32
10/5/17,Thursday,Fall,time07:00,43.28
10/5/17,Thursday,Fall,time08:00,61.02666667
10/5/17,Thursday,Fall,time09:00,65
10/5/17,Thursday,Fall,time10:00,67.45333333
10/5/17,Thursday,Fall,time11:00,73.98666667
10/5/17,Thursday,Fall,time12:00,81.72
10/5/17,Thursday,Fall,time13:00,88.84
10/5/17,Thursday,Fall,time14:00,100.9066667
10/5/17,Thursday,Fall,time15:00,77.09333333
10/5/17,Thursday,Fall,time16:00,48.74666667
10/5/17,Thursday,Fall,time17:00,33.4
10/5/17,Thursday,Fall,time18:00,28.05333333
10/5/17,Thursday,Fall,time19:00,29.25333333
10/5/17,Thursday,Fall,time20:00,28.18666667
10/5/17,Thursday,Fall,time21:00,26.58666667
10/5/17,Thursday,Fall,time22:00,20.84
10/5/17,Thursday,Fall,time23:00,16.44
10/6/17,Friday,Fall,time00:00,15.93333333
10/6/17,Friday,Fall,time01:00,14.42666667
10/6/17,Friday,Fall,time02:00,13.92
10/6/17,Friday,Fall,time03:00,13.92
10/6/17,Friday,Fall,time04:00,14.12
10/6/17,Friday,Fall,time05:00,16.33333333
10/6/17,Friday,Fall,time06:00,28.38666667
10/6/17,Friday,Fall,time07:00,43.82666667
10/6/17,Friday,Fall,time08:00,60.17333333
10/6/17,Friday,Fall,time09:00,62.70666667
10/6/17,Friday,Fall,time10:00,67.18666667
10/6/17,Friday,Fall,time11:00,77.77333333
10/6/17,Friday,Fall,time12:00,92.57333333
10/6/17,Friday,Fall,time13:00,97.34666667
10/6/17,Friday,Fall,time14:00,101.4933333
10/6/17,Friday,Fall,time15:00,83.04
10/6/17,Friday,Fall,time16:00,46.10666667
10/6/17,Friday,Fall,time17:00,28.65333333
10/6/17,Friday,Fall,time18:00,25.85333333
10/6/17,Friday,Fall,time19:00,30.10666667
10/6/17,Friday,Fall,time20:00,31.08
10/6/17,Friday,Fall,time21:00,30.14666667
10/6/17,Friday,Fall,time22:00,23.93333333
10/6/17,Friday,Fall,time23:00,20.36
10/7/17,Saturday,Fall,time00:00,18.13333333
10/7/17,Saturday,Fall,time01:00,18.36
10/7/17,Saturday,Fall,time02:00,18.57333333
10/7/17,Saturday,Fall,time03:00,18.70666667
10/7/17,Saturday,Fall,time04:00,17.76
10/7/17,Saturday,Fall,time05:00,18.73333333
10/7/17,Saturday,Fall,time06:00,19.69333333
10/7/17,Saturday,Fall,time07:00,20.16
10/7/17,Saturday,Fall,time08:00,19.56
10/7/17,Saturday,Fall,time09:00,20.89333333
10/7/17,Saturday,Fall,time10:00,22.25333333
10/7/17,Saturday,Fall,time11:00,22.77333333
10/7/17,Saturday,Fall,time12:00,22.94666667
10/7/17,Saturday,Fall,time13:00,22.02666667
10/7/17,Saturday,Fall,time14:00,18.13333333
10/7/17,Saturday,Fall,time15:00,14.65333333
10/7/17,Saturday,Fall,time16:00,15.28
10/7/17,Saturday,Fall,time17:00,15.14666667
10/7/17,Saturday,Fall,time18:00,14.8
10/7/17,Saturday,Fall,time19:00,17.32
10/7/17,Saturday,Fall,time20:00,17.26666667
10/7/17,Saturday,Fall,time21:00,17.16
10/7/17,Saturday,Fall,time22:00,16.96
10/7/17,Saturday,Fall,time23:00,16.88
10/8/17,Sunday,Fall,time00:00,15.28
10/8/17,Sunday,Fall,time01:00,14.24
10/8/17,Sunday,Fall,time02:00,14.02666667
10/8/17,Sunday,Fall,time03:00,14.21333333
10/8/17,Sunday,Fall,time04:00,14.13333333
10/8/17,Sunday,Fall,time05:00,14.73333333
10/8/17,Sunday,Fall,time06:00,15.92
10/8/17,Sunday,Fall,time07:00,13.76
10/8/17,Sunday,Fall,time08:00,13.72
10/8/17,Sunday,Fall,time09:00,13.72
10/8/17,Sunday,Fall,time10:00,15.10666667
10/8/17,Sunday,Fall,time11:00,15.98666667
10/8/17,Sunday,Fall,time12:00,16.04
10/8/17,Sunday,Fall,time13:00,15.85333333
10/8/17,Sunday,Fall,time14:00,15.41333333
10/8/17,Sunday,Fall,time15:00,15.70666667
10/8/17,Sunday,Fall,time16:00,15.41333333
10/8/17,Sunday,Fall,time17:00,15.93333333
10/8/17,Sunday,Fall,time18:00,15.41333333
10/8/17,Sunday,Fall,time19:00,17.93333333
10/8/17,Sunday,Fall,time20:00,18
10/8/17,Sunday,Fall,time21:00,17.98666667
10/8/17,Sunday,Fall,time22:00,17.92
10/8/17,Sunday,Fall,time23:00,17.36
10/9/17,Monday,Fall,time00:00,15.73333333
10/9/17,Monday,Fall,time01:00,15.68
10/9/17,Monday,Fall,time02:00,15.4
10/9/17,Monday,Fall,time03:00,14.84
10/9/17,Monday,Fall,time04:00,15.13333333
10/9/17,Monday,Fall,time05:00,16.97333333
10/9/17,Monday,Fall,time06:00,23.37333333
10/9/17,Monday,Fall,time07:00,28.14666667
10/9/17,Monday,Fall,time08:00,32.24
10/9/17,Monday,Fall,time09:00,31.6
10/9/17,Monday,Fall,time10:00,32.38666667
10/9/17,Monday,Fall,time11:00,37.86666667
10/9/17,Monday,Fall,time12:00,42.4
10/9/17,Monday,Fall,time13:00,46.70666667
10/9/17,Monday,Fall,time14:00,51.74666667
10/9/17,Monday,Fall,time15:00,42.62666667
10/9/17,Monday,Fall,time16:00,26.53333333
10/9/17,Monday,Fall,time17:00,18.02666667
10/9/17,Monday,Fall,time18:00,17.05333333
10/9/17,Monday,Fall,time19:00,19.62666667
10/9/17,Monday,Fall,time20:00,18.98666667
10/9/17,Monday,Fall,time21:00,19.54666667
10/9/17,Monday,Fall,time22:00,17.82666667
10/9/17,Monday,Fall,time23:00,17.06666667
10/10/17,Tuesday,Fall,time00:00,15.52
10/10/17,Tuesday,Fall,time01:00,14.52
10/10/17,Tuesday,Fall,time02:00,14.78666667
10/10/17,Tuesday,Fall,time03:00,14.54666667
10/10/17,Tuesday,Fall,time04:00,14.62666667
10/10/17,Tuesday,Fall,time05:00,15.22666667
10/10/17,Tuesday,Fall,time06:00,20.37333333
10/10/17,Tuesday,Fall,time07:00,30.2
10/10/17,Tuesday,Fall,time08:00,37.57333333
10/10/17,Tuesday,Fall,time09:00,37.34666667
10/10/17,Tuesday,Fall,time10:00,36.24
10/10/17,Tuesday,Fall,time11:00,36.94666667
10/10/17,Tuesday,Fall,time12:00,42.05333333
10/10/17,Tuesday,Fall,time13:00,49.2
10/10/17,Tuesday,Fall,time14:00,53.04
10/10/17,Tuesday,Fall,time15:00,40.12
10/10/17,Tuesday,Fall,time16:00,24.16
10/10/17,Tuesday,Fall,time17:00,18.52
10/10/17,Tuesday,Fall,time18:00,17.66666667
10/10/17,Tuesday,Fall,time19:00,19.94666667
10/10/17,Tuesday,Fall,time20:00,19.76
10/10/17,Tuesday,Fall,time21:00,20.37333333
10/10/17,Tuesday,Fall,time22:00,18.10666667
10/10/17,Tuesday,Fall,time23:00,16.74666667
10/11/17,Wednesday,Fall,time00:00,15.49333333
10/11/17,Wednesday,Fall,time01:00,14.70666667
10/11/17,Wednesday,Fall,time02:00,14.57333333
10/11/17,Wednesday,Fall,time03:00,14.24
10/11/17,Wednesday,Fall,time04:00,14.22666667
10/11/17,Wednesday,Fall,time05:00,15.17333333
10/11/17,Wednesday,Fall,time06:00,20.97333333
10/11/17,Wednesday,Fall,time07:00,29.52
10/11/17,Wednesday,Fall,time08:00,37.56
10/11/17,Wednesday,Fall,time09:00,34.45333333
10/11/17,Wednesday,Fall,time10:00,31.85333333
10/11/17,Wednesday,Fall,time11:00,33.49333333
10/11/17,Wednesday,Fall,time12:00,33.66666667
10/11/17,Wednesday,Fall,time13:00,36.69333333
10/11/17,Wednesday,Fall,time14:00,33.77333333
10/11/17,Wednesday,Fall,time15:00,25.78666667
10/11/17,Wednesday,Fall,time16:00,20.78666667
10/11/17,Wednesday,Fall,time17:00,18.49333333
10/11/17,Wednesday,Fall,time18:00,18.04
10/11/17,Wednesday,Fall,time19:00,19.58666667
10/11/17,Wednesday,Fall,time20:00,19.04
10/11/17,Wednesday,Fall,time21:00,19.44
10/11/17,Wednesday,Fall,time22:00,18.76
10/11/17,Wednesday,Fall,time23:00,17.34666667
10/12/17,Thursday,Fall,time00:00,15.69333333
10/12/17,Thursday,Fall,time01:00,14.69333333
10/12/17,Thursday,Fall,time02:00,14.74666667
10/12/17,Thursday,Fall,time03:00,14.73333333
10/12/17,Thursday,Fall,time04:00,14.69333333
10/12/17,Thursday,Fall,time05:00,15.34666667
10/12/17,Thursday,Fall,time06:00,18.70666667
10/12/17,Thursday,Fall,time07:00,26.6
10/12/17,Thursday,Fall,time08:00,33.05333333
10/12/17,Thursday,Fall,time09:00,33.41333333
10/12/17,Thursday,Fall,time10:00,32.54666667
10/12/17,Thursday,Fall,time11:00,33.24
10/12/17,Thursday,Fall,time12:00,35.22666667
10/12/17,Thursday,Fall,time13:00,36.12
10/12/17,Thursday,Fall,time14:00,39.05333333
10/12/17,Thursday,Fall,time15:00,31.16
10/12/17,Thursday,Fall,time16:00,21.53333333
10/12/17,Thursday,Fall,time17:00,19
10/12/17,Thursday,Fall,time18:00,19.36
10/12/17,Thursday,Fall,time19:00,20.70666667
10/12/17,Thursday,Fall,time20:00,20.50666667
10/12/17,Thursday,Fall,time21:00,20.66666667
10/12/17,Thursday,Fall,time22:00,18.89333333
10/12/17,Thursday,Fall,time23:00,18.12
10/13/17,Friday,Fall,time00:00,16.22666667
10/13/17,Friday,Fall,time01:00,15.37333333
10/13/17,Friday,Fall,time02:00,15.13333333
10/13/17,Friday,Fall,time03:00,15.22666667
10/13/17,Friday,Fall,time04:00,15.18666667
10/13/17,Friday,Fall,time05:00,16.04
10/13/17,Friday,Fall,time06:00,18.08
10/13/17,Friday,Fall,time07:00,26.44
10/13/17,Friday,Fall,time08:00,33.64
10/13/17,Friday,Fall,time09:00,33.64
10/13/17,Friday,Fall,time10:00,32.73333333
10/13/17,Friday,Fall,time11:00,32.74666667
10/13/17,Friday,Fall,time12:00,35.17333333
10/13/17,Friday,Fall,time13:00,37.45333333
10/13/17,Friday,Fall,time14:00,40.01333333
10/13/17,Friday,Fall,time15:00,31.84
10/13/17,Friday,Fall,time16:00,19.76
10/13/17,Friday,Fall,time17:00,18.45333333
10/13/17,Friday,Fall,time18:00,18.32
10/13/17,Friday,Fall,time19:00,20.48
10/13/17,Friday,Fall,time20:00,20.08
10/13/17,Friday,Fall,time21:00,19.97333333
10/13/17,Friday,Fall,time22:00,18.33333333
10/13/17,Friday,Fall,time23:00,17.28
10/14/17,Saturday,Fall,time00:00,15.4
10/14/17,Saturday,Fall,time01:00,14.86666667
10/14/17,Saturday,Fall,time02:00,14.57333333
10/14/17,Saturday,Fall,time03:00,14.46666667
10/14/17,Saturday,Fall,time04:00,14.50666667
10/14/17,Saturday,Fall,time05:00,15.49333333
10/14/17,Saturday,Fall,time06:00,16.36
10/14/17,Saturday,Fall,time07:00,14.68
10/14/17,Saturday,Fall,time08:00,13.52
10/14/17,Saturday,Fall,time09:00,13.81333333
10/14/17,Saturday,Fall,time10:00,14.05333333
10/14/17,Saturday,Fall,time11:00,15.53333333
10/14/17,Saturday,Fall,time12:00,14.33333333
10/14/17,Saturday,Fall,time13:00,14.41333333
10/14/17,Saturday,Fall,time14:00,14.64
10/14/17,Saturday,Fall,time15:00,14.8
10/14/17,Saturday,Fall,time16:00,14.81333333
10/14/17,Saturday,Fall,time17:00,15.33333333
10/14/17,Saturday,Fall,time18:00,15.4
10/14/17,Saturday,Fall,time19:00,17.90666667
10/14/17,Saturday,Fall,time20:00,17.74666667
10/14/17,Saturday,Fall,time21:00,18.06666667
10/14/17,Saturday,Fall,time22:00,17.64
10/14/17,Saturday,Fall,time23:00,17.08
10/15/17,Sunday,Fall,time00:00,15.47966667
10/15/17,Sunday,Fall,time01:00,15.04
10/15/17,Sunday,Fall,time02:00,14.54666667
10/15/17,Sunday,Fall,time03:00,14.86666667
10/15/17,Sunday,Fall,time04:00,15.02666667
10/15/17,Sunday,Fall,time05:00,15.6
10/15/17,Sunday,Fall,time06:00,16.30666667
10/15/17,Sunday,Fall,time07:00,15.01333333
10/15/17,Sunday,Fall,time08:00,13.22666667
10/15/17,Sunday,Fall,time09:00,13.6
10/15/17,Sunday,Fall,time10:00,13.61333333
10/15/17,Sunday,Fall,time11:00,14.05333333
10/15/17,Sunday,Fall,time12:00,14.16
10/15/17,Sunday,Fall,time13:00,14.73333333
10/15/17,Sunday,Fall,time14:00,16.32
10/15/17,Sunday,Fall,time15:00,15.82666667
10/15/17,Sunday,Fall,time16:00,14.93333333
10/15/17,Sunday,Fall,time17:00,14.84
10/15/17,Sunday,Fall,time18:00,15.8
10/15/17,Sunday,Fall,time19:00,17.74666667
10/15/17,Sunday,Fall,time20:00,17.64
10/15/17,Sunday,Fall,time21:00,17.85333333
10/15/17,Sunday,Fall,time22:00,17.69333333
10/15/17,Sunday,Fall,time23:00,16.96
10/16/17,Monday,Fall,time00:00,16.32
10/16/17,Monday,Fall,time01:00,15.45366667
10/16/17,Monday,Fall,time02:00,14.52
10/16/17,Monday,Fall,time03:00,14.22666667
10/16/17,Monday,Fall,time04:00,14.13333333
10/16/17,Monday,Fall,time05:00,14.46666667
10/16/17,Monday,Fall,time06:00,17.6
10/16/17,Monday,Fall,time07:00,25.84
10/16/17,Monday,Fall,time08:00,34.78666667
10/16/17,Monday,Fall,time09:00,34.30666667
10/16/17,Monday,Fall,time10:00,33.8
10/16/17,Monday,Fall,time11:00,34.73333333
10/16/17,Monday,Fall,time12:00,35.45333333
10/16/17,Monday,Fall,time13:00,40.32
10/16/17,Monday,Fall,time14:00,45.54666667
10/16/17,Monday,Fall,time15:00,38.72
10/16/17,Monday,Fall,time16:00,28.93333333
10/16/17,Monday,Fall,time17:00,23.14666667
10/16/17,Monday,Fall,time18:00,22.69333333
10/16/17,Monday,Fall,time19:00,20.44
10/16/17,Monday,Fall,time20:00,20.57333333
10/16/17,Monday,Fall,time21:00,20.12
10/16/17,Monday,Fall,time22:00,19.14666667
10/16/17,Monday,Fall,time23:00,17.57333333
10/17/17,Tuesday,Fall,time00:00,15.84
10/17/17,Tuesday,Fall,time01:00,15.09333333
10/17/17,Tuesday,Fall,time02:00,14.98666667
10/17/17,Tuesday,Fall,time03:00,14.61333333
10/17/17,Tuesday,Fall,time04:00,14.58666667
10/17/17,Tuesday,Fall,time05:00,16.30666667
10/17/17,Tuesday,Fall,time06:00,23.01333333
10/17/17,Tuesday,Fall,time07:00,33.41333333
10/17/17,Tuesday,Fall,time08:00,47.58666667
10/17/17,Tuesday,Fall,time09:00,49.04
10/17/17,Tuesday,Fall,time10:00,49.86666667
10/17/17,Tuesday,Fall,time11:00,52.62666667
10/17/17,Tuesday,Fall,time12:00,50.42666667
10/17/17,Tuesday,Fall,time13:00,48.45333333
10/17/17,Tuesday,Fall,time14:00,47.41333333
10/17/17,Tuesday,Fall,time15:00,33.56
10/17/17,Tuesday,Fall,time16:00,21.58666667
10/17/17,Tuesday,Fall,time17:00,19.29333333
10/17/17,Tuesday,Fall,time18:00,22.32
10/17/17,Tuesday,Fall,time19:00,22.70666667
10/17/17,Tuesday,Fall,time20:00,21.14666667
10/17/17,Tuesday,Fall,time21:00,21.02666667
10/17/17,Tuesday,Fall,time22:00,19.24
10/17/17,Tuesday,Fall,time23:00,17.68
10/18/17,Wednesday,Fall,time00:00,16.05333333
10/18/17,Wednesday,Fall,time01:00,15.4
10/18/17,Wednesday,Fall,time02:00,14.94666667
10/18/17,Wednesday,Fall,time03:00,14.96
10/18/17,Wednesday,Fall,time04:00,15.08
10/18/17,Wednesday,Fall,time05:00,16.09333333
10/18/17,Wednesday,Fall,time06:00,20.37333333
10/18/17,Wednesday,Fall,time07:00,28.76
10/18/17,Wednesday,Fall,time08:00,38.38666667
10/18/17,Wednesday,Fall,time09:00,41.65333333
10/18/17,Wednesday,Fall,time10:00,42.45333333
10/18/17,Wednesday,Fall,time11:00,44
10/18/17,Wednesday,Fall,time12:00,46.38666667
10/18/17,Wednesday,Fall,time13:00,49.72
10/18/17,Wednesday,Fall,time14:00,45.26666667
10/18/17,Wednesday,Fall,time15:00,30.93333333
10/18/17,Wednesday,Fall,time16:00,23.10666667
10/18/17,Wednesday,Fall,time17:00,21.41333333
10/18/17,Wednesday,Fall,time18:00,24.94666667
10/18/17,Wednesday,Fall,time19:00,26.77333333
10/18/17,Wednesday,Fall,time20:00,23.01333333
10/18/17,Wednesday,Fall,time21:00,19.72
10/18/17,Wednesday,Fall,time22:00,19.16
10/18/17,Wednesday,Fall,time23:00,17.45333333
10/19/17,Thursday,Fall,time00:00,16
10/19/17,Thursday,Fall,time01:00,15.28
10/19/17,Thursday,Fall,time02:00,15.29333333
10/19/17,Thursday,Fall,time03:00,15.13333333
10/19/17,Thursday,Fall,time04:00,14.92
10/19/17,Thursday,Fall,time05:00,15.64
10/19/17,Thursday,Fall,time06:00,19.10666667
10/19/17,Thursday,Fall,time07:00,27.82666667
10/19/17,Thursday,Fall,time08:00,35.37333333
10/19/17,Thursday,Fall,time09:00,37.38666667
10/19/17,Thursday,Fall,time10:00,38
10/19/17,Thursday,Fall,time11:00,39.32
10/19/17,Thursday,Fall,time12:00,40.02666667
10/19/17,Thursday,Fall,time13:00,44.06666667
10/19/17,Thursday,Fall,time14:00,50.18666667
10/19/17,Thursday,Fall,time15:00,42.21333333
10/19/17,Thursday,Fall,time16:00,26.53333333
10/19/17,Thursday,Fall,time17:00,23.8
10/19/17,Thursday,Fall,time18:00,23.12
10/19/17,Thursday,Fall,time19:00,24.72
10/19/17,Thursday,Fall,time20:00,21.6
10/19/17,Thursday,Fall,time21:00,19.34666667
10/19/17,Thursday,Fall,time22:00,18.38666667
10/19/17,Thursday,Fall,time23:00,16.98666667
10/20/17,Friday,Fall,time00:00,15.30666667
10/20/17,Friday,Fall,time01:00,14.77333333
10/20/17,Friday,Fall,time02:00,14.33333333
10/20/17,Friday,Fall,time03:00,14.37333333
10/20/17,Friday,Fall,time04:00,14.05333333
10/20/17,Friday,Fall,time05:00,15.76
10/20/17,Friday,Fall,time06:00,22.74666667
10/20/17,Friday,Fall,time07:00,29.24
10/20/17,Friday,Fall,time08:00,39.61333333
10/20/17,Friday,Fall,time09:00,41.68
10/20/17,Friday,Fall,time10:00,41.24
10/20/17,Friday,Fall,time11:00,41.24
10/20/17,Friday,Fall,time12:00,39.17333333
10/20/17,Friday,Fall,time13:00,40.30666667
10/20/17,Friday,Fall,time14:00,42.10666667
10/20/17,Friday,Fall,time15:00,36.32
10/20/17,Friday,Fall,time16:00,25.26666667
10/20/17,Friday,Fall,time17:00,20.24
10/20/17,Friday,Fall,time18:00,20.2
10/20/17,Friday,Fall,time19:00,19.17333333
10/20/17,Friday,Fall,time20:00,18.50666667
10/20/17,Friday,Fall,time21:00,18.41333333
10/20/17,Friday,Fall,time22:00,17.45333333
10/20/17,Friday,Fall,time23:00,16.28
10/21/17,Saturday,Fall,time00:00,15.25333333
10/21/17,Saturday,Fall,time01:00,14.17333333
10/21/17,Saturday,Fall,time02:00,13.84
10/21/17,Saturday,Fall,time03:00,13.8
10/21/17,Saturday,Fall,time04:00,13.76
10/21/17,Saturday,Fall,time05:00,14.54666667
10/21/17,Saturday,Fall,time06:00,16.13333333
10/21/17,Saturday,Fall,time07:00,17.10666667
10/21/17,Saturday,Fall,time08:00,15.33333333
10/21/17,Saturday,Fall,time09:00,14.33333333
10/21/17,Saturday,Fall,time10:00,14.82666667
10/21/17,Saturday,Fall,time11:00,15.66666667
10/21/17,Saturday,Fall,time12:00,15.54666667
10/21/17,Saturday,Fall,time13:00,15.32
10/21/17,Saturday,Fall,time14:00,16.37333333
10/21/17,Saturday,Fall,time15:00,16.56
10/21/17,Saturday,Fall,time16:00,15.73333333
10/21/17,Saturday,Fall,time17:00,15.61333333
10/21/17,Saturday,Fall,time18:00,16.21333333
10/21/17,Saturday,Fall,time19:00,18.33333333
10/21/17,Saturday,Fall,time20:00,18.45333333
10/21/17,Saturday,Fall,time21:00,18.97333333
10/21/17,Saturday,Fall,time22:00,18.88
10/21/17,Saturday,Fall,time23:00,18.09333333
10/22/17,Sunday,Fall,time00:00,16.8
10/22/17,Sunday,Fall,time01:00,16.12
10/22/17,Sunday,Fall,time02:00,15.8
10/22/17,Sunday,Fall,time03:00,15.56
10/22/17,Sunday,Fall,time04:00,15.8
10/22/17,Sunday,Fall,time05:00,16.54666667
10/22/17,Sunday,Fall,time06:00,17.42666667
10/22/17,Sunday,Fall,time07:00,16.06666667
10/22/17,Sunday,Fall,time08:00,14.26666667
10/22/17,Sunday,Fall,time09:00,14.34666667
10/22/17,Sunday,Fall,time10:00,14.76
10/22/17,Sunday,Fall,time11:00,14.86666667
10/22/17,Sunday,Fall,time12:00,15.06666667
10/22/17,Sunday,Fall,time13:00,15.01333333
10/22/17,Sunday,Fall,time14:00,15.12
10/22/17,Sunday,Fall,time15:00,15.98666667
10/22/17,Sunday,Fall,time16:00,16.06666667
10/22/17,Sunday,Fall,time17:00,16.12
10/22/17,Sunday,Fall,time18:00,16.89333333
10/22/17,Sunday,Fall,time19:00,19.10666667
10/22/17,Sunday,Fall,time20:00,18.70666667
10/22/17,Sunday,Fall,time21:00,18.4
10/22/17,Sunday,Fall,time22:00,18.74666667
10/22/17,Sunday,Fall,time23:00,17.93333333
10/23/17,Monday,Fall,time00:00,16.61333333
10/23/17,Monday,Fall,time01:00,15.16
10/23/17,Monday,Fall,time02:00,13.82666667
10/23/17,Monday,Fall,time03:00,13.62666667
10/23/17,Monday,Fall,time04:00,13.84
10/23/17,Monday,Fall,time05:00,16.02666667
10/23/17,Monday,Fall,time06:00,25.13333333
10/23/17,Monday,Fall,time07:00,39.65333333
10/23/17,Monday,Fall,time08:00,59.25333333
10/23/17,Monday,Fall,time09:00,59.10666667
10/23/17,Monday,Fall,time10:00,59.93333333
10/23/17,Monday,Fall,time11:00,64.12
10/23/17,Monday,Fall,time12:00,65.69333333
10/23/17,Monday,Fall,time13:00,66.96
10/23/17,Monday,Fall,time14:00,71.08
10/23/17,Monday,Fall,time15:00,59.77333333
10/23/17,Monday,Fall,time16:00,40.61333333
10/23/17,Monday,Fall,time17:00,33.85333333
10/23/17,Monday,Fall,time18:00,57.14666667
10/23/17,Monday,Fall,time19:00,82.29333333
10/23/17,Monday,Fall,time20:00,59.58666667
10/23/17,Monday,Fall,time21:00,27.64
10/23/17,Monday,Fall,time22:00,21.22666667
10/23/17,Monday,Fall,time23:00,17.52
10/24/17,Tuesday,Fall,time00:00,15.86666667
10/24/17,Tuesday,Fall,time01:00,14.61333333
10/24/17,Tuesday,Fall,time02:00,14.49333333
10/24/17,Tuesday,Fall,time03:00,14.61333333
10/24/17,Tuesday,Fall,time04:00,14.42666667
10/24/17,Tuesday,Fall,time05:00,16.37333333
10/24/17,Tuesday,Fall,time06:00,23.53333333
10/24/17,Tuesday,Fall,time07:00,37.6
10/24/17,Tuesday,Fall,time08:00,56.41333333
10/24/17,Tuesday,Fall,time09:00,59.49333333
10/24/17,Tuesday,Fall,time10:00,59.64
10/24/17,Tuesday,Fall,time11:00,64.24
10/24/17,Tuesday,Fall,time12:00,87.34666667
10/24/17,Tuesday,Fall,time13:00,117.44
10/24/17,Tuesday,Fall,time14:00,121.7333333
10/24/17,Tuesday,Fall,time15:00,91.78666667
10/24/17,Tuesday,Fall,time16:00,49.64
10/24/17,Tuesday,Fall,time17:00,34.02666667
10/24/17,Tuesday,Fall,time18:00,56.64
10/24/17,Tuesday,Fall,time19:00,77.57333333
10/24/17,Tuesday,Fall,time20:00,48.72
10/24/17,Tuesday,Fall,time21:00,24.18666667
10/24/17,Tuesday,Fall,time22:00,21.10666667
10/24/17,Tuesday,Fall,time23:00,18.05333333
10/25/17,Wednesday,Fall,time00:00,16.41333333
10/25/17,Wednesday,Fall,time01:00,15.56
10/25/17,Wednesday,Fall,time02:00,15.04
10/25/17,Wednesday,Fall,time03:00,15.26666667
10/25/17,Wednesday,Fall,time04:00,15.33333333
10/25/17,Wednesday,Fall,time05:00,17.72
10/25/17,Wednesday,Fall,time06:00,30.62666667
10/25/17,Wednesday,Fall,time07:00,43.34666667
10/25/17,Wednesday,Fall,time08:00,62.58666667
10/25/17,Wednesday,Fall,time09:00,68.14666667
10/25/17,Wednesday,Fall,time10:00,76.62666667
10/25/17,Wednesday,Fall,time11:00,89.50666667
10/25/17,Wednesday,Fall,time12:00,101.2533333
10/25/17,Wednesday,Fall,time13:00,111.6533333
10/25/17,Wednesday,Fall,time14:00,111.56
10/25/17,Wednesday,Fall,time15:00,88.6
10/25/17,Wednesday,Fall,time16:00,51.53333333
10/25/17,Wednesday,Fall,time17:00,34.4
10/25/17,Wednesday,Fall,time18:00,57.34666667
10/25/17,Wednesday,Fall,time19:00,80.74666667
10/25/17,Wednesday,Fall,time20:00,53.16
10/25/17,Wednesday,Fall,time21:00,28.81333333
10/25/17,Wednesday,Fall,time22:00,24.62666667
10/25/17,Wednesday,Fall,time23:00,18.06666667
10/26/17,Thursday,Fall,time00:00,16.25333333
10/26/17,Thursday,Fall,time01:00,15.33333333
10/26/17,Thursday,Fall,time02:00,15.06666667
10/26/17,Thursday,Fall,time03:00,15.12
10/26/17,Thursday,Fall,time04:00,15.22666667
10/26/17,Thursday,Fall,time05:00,17.33333333
10/26/17,Thursday,Fall,time06:00,28.45333333
10/26/17,Thursday,Fall,time07:00,42.74666667
10/26/17,Thursday,Fall,time08:00,66.62666667
10/26/17,Thursday,Fall,time09:00,67.70666667
10/26/17,Thursday,Fall,time10:00,74.25333333
10/26/17,Thursday,Fall,time11:00,90.52
10/26/17,Thursday,Fall,time12:00,101.9866667
10/26/17,Thursday,Fall,time13:00,109.1466667
10/26/17,Thursday,Fall,time14:00,113.2933333
10/26/17,Thursday,Fall,time15:00,88.01333333
10/26/17,Thursday,Fall,time16:00,45.93333333
10/26/17,Thursday,Fall,time17:00,36.46666667
10/26/17,Thursday,Fall,time18:00,57.6
10/26/17,Thursday,Fall,time19:00,82.81333333
10/26/17,Thursday,Fall,time20:00,54.28
10/26/17,Thursday,Fall,time21:00,25.33333333
10/26/17,Thursday,Fall,time22:00,20.02666667
10/26/17,Thursday,Fall,time23:00,18.05333333
10/27/17,Friday,Fall,time00:00,15.66666667
10/27/17,Friday,Fall,time01:00,15.33333333
10/27/17,Friday,Fall,time02:00,15.18666667
10/27/17,Friday,Fall,time03:00,14.70666667
10/27/17,Friday,Fall,time04:00,15.46666667
10/27/17,Friday,Fall,time05:00,15.56
10/27/17,Friday,Fall,time06:00,21.06666667
10/27/17,Friday,Fall,time07:00,31.8
10/27/17,Friday,Fall,time08:00,39.73333333
10/27/17,Friday,Fall,time09:00,39.53333333
10/27/17,Friday,Fall,time10:00,41.8
10/27/17,Friday,Fall,time11:00,47.64
10/27/17,Friday,Fall,time12:00,55.33333333
10/27/17,Friday,Fall,time13:00,65.37333333
10/27/17,Friday,Fall,time14:00,78.14666667
10/27/17,Friday,Fall,time15:00,64.76
10/27/17,Friday,Fall,time16:00,39.92
10/27/17,Friday,Fall,time17:00,30.36
10/27/17,Friday,Fall,time18:00,51.78666667
10/27/17,Friday,Fall,time19:00,37.04
10/27/17,Friday,Fall,time20:00,21.68
10/27/17,Friday,Fall,time21:00,20.76
10/27/17,Friday,Fall,time22:00,19.64
10/27/17,Friday,Fall,time23:00,17.52
10/28/17,Saturday,Fall,time00:00,15.52
10/28/17,Saturday,Fall,time01:00,14.28
10/28/17,Saturday,Fall,time02:00,14.09333333
10/28/17,Saturday,Fall,time03:00,14.13333333
10/28/17,Saturday,Fall,time04:00,13.93333333
10/28/17,Saturday,Fall,time05:00,14.69333333
10/28/17,Saturday,Fall,time06:00,15.84
10/28/17,Saturday,Fall,time07:00,14.78666667
10/28/17,Saturday,Fall,time08:00,12.42666667
10/28/17,Saturday,Fall,time09:00,14.29333333
10/28/17,Saturday,Fall,time10:00,15.17333333
10/28/17,Saturday,Fall,time11:00,14.66666667
10/28/17,Saturday,Fall,time12:00,14.04
10/28/17,Saturday,Fall,time13:00,13.77333333
10/28/17,Saturday,Fall,time14:00,15.78666667
10/28/17,Saturday,Fall,time15:00,18.24
10/28/17,Saturday,Fall,time16:00,17.94666667
10/28/17,Saturday,Fall,time17:00,17.37333333
10/28/17,Saturday,Fall,time18:00,18.25333333
10/28/17,Saturday,Fall,time19:00,20.61333333
10/28/17,Saturday,Fall,time20:00,18.37333333
10/28/17,Saturday,Fall,time21:00,18.04
10/28/17,Saturday,Fall,time22:00,17.73333333
10/28/17,Saturday,Fall,time23:00,17.84
10/29/17,Sunday,Fall,time00:00,15.16
10/29/17,Sunday,Fall,time01:00,14.13333333
10/29/17,Sunday,Fall,time02:00,13.94666667
10/29/17,Sunday,Fall,time03:00,14
10/29/17,Sunday,Fall,time04:00,14.09333333
10/29/17,Sunday,Fall,time05:00,14.36
10/29/17,Sunday,Fall,time06:00,15.44
10/29/17,Sunday,Fall,time07:00,14.16
10/29/17,Sunday,Fall,time08:00,12.37333333
10/29/17,Sunday,Fall,time09:00,12.42666667
10/29/17,Sunday,Fall,time10:00,12.42666667
10/29/17,Sunday,Fall,time11:00,12.25333333
10/29/17,Sunday,Fall,time12:00,12.90666667
10/29/17,Sunday,Fall,time13:00,12.46666667
10/29/17,Sunday,Fall,time14:00,12.65333333
10/29/17,Sunday,Fall,time15:00,12.81333333
10/29/17,Sunday,Fall,time16:00,12.97333333
10/29/17,Sunday,Fall,time17:00,13.42666667
10/29/17,Sunday,Fall,time18:00,14.66666667
10/29/17,Sunday,Fall,time19:00,16.33333333
10/29/17,Sunday,Fall,time20:00,16.26666667
10/29/17,Sunday,Fall,time21:00,16.26666667
10/29/17,Sunday,Fall,time22:00,16.12
10/29/17,Sunday,Fall,time23:00,15.88
10/30/17,Monday,Fall,time00:00,15.08
10/30/17,Monday,Fall,time01:00,14.01333333
10/30/17,Monday,Fall,time02:00,13.28
10/30/17,Monday,Fall,time03:00,13.52
10/30/17,Monday,Fall,time04:00,13.44
10/30/17,Monday,Fall,time05:00,15.14666667
10/30/17,Monday,Fall,time06:00,27.92
10/30/17,Monday,Fall,time07:00,45.41333333
10/30/17,Monday,Fall,time08:00,61.84
10/30/17,Monday,Fall,time09:00,63.56
10/30/17,Monday,Fall,time10:00,66.56
10/30/17,Monday,Fall,time11:00,68.21333333
10/30/17,Monday,Fall,time12:00,66.94666667
10/30/17,Monday,Fall,time13:00,63.85333333
10/30/17,Monday,Fall,time14:00,65.29333333
10/30/17,Monday,Fall,time15:00,56.81333333
10/30/17,Monday,Fall,time16:00,38.49333333
10/30/17,Monday,Fall,time17:00,63.49333333
10/30/17,Monday,Fall,time18:00,75.36
10/30/17,Monday,Fall,time19:00,50.90666667
10/30/17,Monday,Fall,time20:00,25.4
10/30/17,Monday,Fall,time21:00,26.46666667
10/30/17,Monday,Fall,time22:00,20.90666667
10/30/17,Monday,Fall,time23:00,17.10666667
10/31/17,Tuesday,Fall,time00:00,15.61333333
10/31/17,Tuesday,Fall,time01:00,14.81333333
10/31/17,Tuesday,Fall,time02:00,14.74666667
10/31/17,Tuesday,Fall,time03:00,14.50666667
10/31/17,Tuesday,Fall,time04:00,14.50666667
10/31/17,Tuesday,Fall,time05:00,16.8
10/31/17,Tuesday,Fall,time06:00,29.94666667
10/31/17,Tuesday,Fall,time07:00,48.32
10/31/17,Tuesday,Fall,time08:00,63.17333333
10/31/17,Tuesday,Fall,time09:00,64.45333333
10/31/17,Tuesday,Fall,time10:00,65.32
10/31/17,Tuesday,Fall,time11:00,63.16
10/31/17,Tuesday,Fall,time12:00,63.44
10/31/17,Tuesday,Fall,time13:00,63.05333333
10/31/17,Tuesday,Fall,time14:00,62.96
10/31/17,Tuesday,Fall,time15:00,55.96
10/31/17,Tuesday,Fall,time16:00,37.45333333
10/31/17,Tuesday,Fall,time17:00,29.45333333
10/31/17,Tuesday,Fall,time18:00,71.54666667
10/31/17,Tuesday,Fall,time19:00,29.52
10/31/17,Tuesday,Fall,time20:00,27.93333333
10/31/17,Tuesday,Fall,time21:00,26.10666667
10/31/17,Tuesday,Fall,time22:00,19.96
10/31/17,Tuesday,Fall,time23:00,17.09333333