"DATE","day","season","variable","mean_kWh"
"11/1/17","Wednesday","Winter","time00:00",243.275
"11/1/17","Wednesday","Winter","time01:00",155.89
"11/1/17","Wednesday","Winter","time02:00",123.255
"11/1/17","Wednesday","Winter","time03:00",123.365
"11/1/17","Wednesday","Winter","time04:00",124.095
"11/1/17","Wednesday","Winter","time05:00",153.925
"11/1/17","Wednesday","Winter","time06:00",245.57
"11/1/17","Wednesday","Winter","time07:00",326.36
"11/1/17","Wednesday","Winter","time08:00",374.165
"11/1/17","Wednesday","Winter","time09:00",416.465
"11/1/17","Wednesday","Winter","time10:00",414.255
"11/1/17","Wednesday","Winter","time11:00",424.595
"11/1/17","Wednesday","Winter","time12:00",423.64
"11/1/17","Wednesday","Winter","time13:00",432.89
"11/1/17","Wednesday","Winter","time14:00",425.76
"11/1/17","Wednesday","Winter","time15:00",379.27
"11/1/17","Wednesday","Winter","time16:00",332.235
"11/1/17","Wednesday","Winter","time17:00",278.135
"11/1/17","Wednesday","Winter","time18:00",367.81
"11/1/17","Wednesday","Winter","time19:00",352.51
"11/1/17","Wednesday","Winter","time20:00",315.795
"11/1/17","Wednesday","Winter","time21:00",240.225
"11/1/17","Wednesday","Winter","time22:00",285.93
"11/1/17","Wednesday","Winter","time23:00",252.865
"11/2/17","Thursday","Winter","time00:00",212.59
"11/2/17","Thursday","Winter","time01:00",144.09
"11/2/17","Thursday","Winter","time02:00",125.54
"11/2/17","Thursday","Winter","time03:00",123.64
"11/2/17","Thursday","Winter","time04:00",127.34
"11/2/17","Thursday","Winter","time05:00",162.735
"11/2/17","Thursday","Winter","time06:00",277.425
"11/2/17","Thursday","Winter","time07:00",401.735
"11/2/17","Thursday","Winter","time08:00",401.75
"11/2/17","Thursday","Winter","time09:00",406.675
"11/2/17","Thursday","Winter","time10:00",410.705
"11/2/17","Thursday","Winter","time11:00",404.83
"11/2/17","Thursday","Winter","time12:00",396.55
"11/2/17","Thursday","Winter","time13:00",400.295
"11/2/17","Thursday","Winter","time14:00",394.97
"11/2/17","Thursday","Winter","time15:00",350.77
"11/2/17","Thursday","Winter","time16:00",316.345
"11/2/17","Thursday","Winter","time17:00",293.215
"11/2/17","Thursday","Winter","time18:00",357.825
"11/2/17","Thursday","Winter","time19:00",352.605
"11/2/17","Thursday","Winter","time20:00",314.69
"11/2/17","Thursday","Winter","time21:00",243.64
"11/2/17","Thursday","Winter","time22:00",200.665
"11/2/17","Thursday","Winter","time23:00",162.045
"11/3/17","Friday","Winter","time00:00",162.71
"11/3/17","Friday","Winter","time01:00",130.38
"11/3/17","Friday","Winter","time02:00",132.49
"11/3/17","Friday","Winter","time03:00",129.47
"11/3/17","Friday","Winter","time04:00",136.645
"11/3/17","Friday","Winter","time05:00",165.13
"11/3/17","Friday","Winter","time06:00",269.15
"11/3/17","Friday","Winter","time07:00",371.255
"11/3/17","Friday","Winter","time08:00",412.715
"11/3/17","Friday","Winter","time09:00",407.785
"11/3/17","Friday","Winter","time10:00",422.76
"11/3/17","Friday","Winter","time11:00",422.295
"11/3/17","Friday","Winter","time12:00",409.53
"11/3/17","Friday","Winter","time13:00",422.05
"11/3/17","Friday","Winter","time14:00",406.775
"11/3/17","Friday","Winter","time15:00",410.935
"11/3/17","Friday","Winter","time16:00",385.13
"11/3/17","Friday","Winter","time17:00",348.715
"11/3/17","Friday","Winter","time18:00",408.98
"11/3/17","Friday","Winter","time19:00",365.895
"11/3/17","Friday","Winter","time20:00",327.885
"11/3/17","Friday","Winter","time21:00",283.82
"11/3/17","Friday","Winter","time22:00",240.62
"11/3/17","Friday","Winter","time23:00",217.725
"11/4/17","Saturday","Winter","time00:00",206.925
"11/4/17","Saturday","Winter","time01:00",198.055
"11/4/17","Saturday","Winter","time02:00",196.13
"11/4/17","Saturday","Winter","time03:00",200.4
"11/4/17","Saturday","Winter","time04:00",173.93
"11/4/17","Saturday","Winter","time05:00",145.255
"11/4/17","Saturday","Winter","time06:00",157.235
"11/4/17","Saturday","Winter","time07:00",198.87
"11/4/17","Saturday","Winter","time08:00",193.31
"11/4/17","Saturday","Winter","time09:00",199.565
"11/4/17","Saturday","Winter","time10:00",201.375
"11/4/17","Saturday","Winter","time11:00",197.45
"11/4/17","Saturday","Winter","time12:00",191.885
"11/4/17","Saturday","Winter","time13:00",189.97
"11/4/17","Saturday","Winter","time14:00",185.5
"11/4/17","Saturday","Winter","time15:00",176.33
"11/4/17","Saturday","Winter","time16:00",173.05
"11/4/17","Saturday","Winter","time17:00",214.81
"11/4/17","Saturday","Winter","time18:00",289.14
"11/4/17","Saturday","Winter","time19:00",306.725
"11/4/17","Saturday","Winter","time20:00",306.02
"11/4/17","Saturday","Winter","time21:00",279.785
"11/4/17","Saturday","Winter","time22:00",238.78
"11/4/17","Saturday","Winter","time23:00",226.28
"11/5/17","Sunday","Winter","time00:00",175.51
"11/5/17","Sunday","Winter","time01:00",148.6225
"11/5/17","Sunday","Winter","time02:00",121.185
"11/5/17","Sunday","Winter","time03:00",120.755
"11/5/17","Sunday","Winter","time04:00",123.785
"11/5/17","Sunday","Winter","time05:00",128.77
"11/5/17","Sunday","Winter","time06:00",130.9
"11/5/17","Sunday","Winter","time07:00",134.05
"11/5/17","Sunday","Winter","time08:00",138.02
"11/5/17","Sunday","Winter","time09:00",140.645
"11/5/17","Sunday","Winter","time10:00",142.6
"11/5/17","Sunday","Winter","time11:00",140.755
"11/5/17","Sunday","Winter","time12:00",139.1
"11/5/17","Sunday","Winter","time13:00",137.385
"11/5/17","Sunday","Winter","time14:00",129.8
"11/5/17","Sunday","Winter","time15:00",130.62
"11/5/17","Sunday","Winter","time16:00",131.015
"11/5/17","Sunday","Winter","time17:00",163.585
"11/5/17","Sunday","Winter","time18:00",177.335
"11/5/17","Sunday","Winter","time19:00",170.19
"11/5/17","Sunday","Winter","time20:00",175.47
"11/5/17","Sunday","Winter","time21:00",166.79
"11/5/17","Sunday","Winter","time22:00",161.385
"11/5/17","Sunday","Winter","time23:00",154.28
"11/6/17","Monday","Winter","time00:00",163.315
"11/6/17","Monday","Winter","time01:00",122.335
"11/6/17","Monday","Winter","time02:00",121.91
"11/6/17","Monday","Winter","time03:00",121.605
"11/6/17","Monday","Winter","time04:00",123.365
"11/6/17","Monday","Winter","time05:00",164.025
"11/6/17","Monday","Winter","time06:00",243.07
"11/6/17","Monday","Winter","time07:00",333.59
"11/6/17","Monday","Winter","time08:00",386.645
"11/6/17","Monday","Winter","time09:00",390.14
"11/6/17","Monday","Winter","time10:00",406.375
"11/6/17","Monday","Winter","time11:00",420.595
"11/6/17","Monday","Winter","time12:00",412.33
"11/6/17","Monday","Winter","time13:00",418.42
"11/6/17","Monday","Winter","time14:00",409.41
"11/6/17","Monday","Winter","time15:00",373.415
"11/6/17","Monday","Winter","time16:00",338.44
"11/6/17","Monday","Winter","time17:00",407.985
"11/6/17","Monday","Winter","time18:00",416.625
"11/6/17","Monday","Winter","time19:00",369.21
"11/6/17","Monday","Winter","time20:00",336.885
"11/6/17","Monday","Winter","time21:00",255.61
"11/6/17","Monday","Winter","time22:00",294.195
"11/6/17","Monday","Winter","time23:00",252.79
"11/7/17","Tuesday","Winter","time00:00",239.32
"11/7/17","Tuesday","Winter","time01:00",217.055
"11/7/17","Tuesday","Winter","time02:00",214.57
"11/7/17","Tuesday","Winter","time03:00",214.52
"11/7/17","Tuesday","Winter","time04:00",216.885
"11/7/17","Tuesday","Winter","time05:00",241.92
"11/7/17","Tuesday","Winter","time06:00",249.12
"11/7/17","Tuesday","Winter","time07:00",336.98
"11/7/17","Tuesday","Winter","time08:00",392.01
"11/7/17","Tuesday","Winter","time09:00",408.455
"11/7/17","Tuesday","Winter","time10:00",401.215
"11/7/17","Tuesday","Winter","time11:00",409.805
"11/7/17","Tuesday","Winter","time12:00",409.675
"11/7/17","Tuesday","Winter","time13:00",412.15
"11/7/17","Tuesday","Winter","time14:00",403.15
"11/7/17","Tuesday","Winter","time15:00",369.815
"11/7/17","Tuesday","Winter","time16:00",331.23
"11/7/17","Tuesday","Winter","time17:00",402.79
"11/7/17","Tuesday","Winter","time18:00",432.17
"11/7/17","Tuesday","Winter","time19:00",407.255
"11/7/17","Tuesday","Winter","time20:00",379.37
"11/7/17","Tuesday","Winter","time21:00",273.96
"11/7/17","Tuesday","Winter","time22:00",302.26
"11/7/17","Tuesday","Winter","time23:00",258.04
"11/8/17","Wednesday","Winter","time00:00",239.595
"11/8/17","Wednesday","Winter","time01:00",166.01
"11/8/17","Wednesday","Winter","time02:00",128.995
"11/8/17","Wednesday","Winter","time03:00",128.83
"11/8/17","Wednesday","Winter","time04:00",130.865
"11/8/17","Wednesday","Winter","time05:00",170.18
"11/8/17","Wednesday","Winter","time06:00",242.335
"11/8/17","Wednesday","Winter","time07:00",314.27
"11/8/17","Wednesday","Winter","time08:00",380.08
"11/8/17","Wednesday","Winter","time09:00",414.23
"11/8/17","Wednesday","Winter","time10:00",415.03
"11/8/17","Wednesday","Winter","time11:00",416.56
"11/8/17","Wednesday","Winter","time12:00",410.675
"11/8/17","Wednesday","Winter","time13:00",415.19
"11/8/17","Wednesday","Winter","time14:00",415.605
"11/8/17","Wednesday","Winter","time15:00",374.715
"11/8/17","Wednesday","Winter","time16:00",364.31
"11/8/17","Wednesday","Winter","time17:00",417.025
"11/8/17","Wednesday","Winter","time18:00",428.18
"11/8/17","Wednesday","Winter","time19:00",369.77
"11/8/17","Wednesday","Winter","time20:00",318.76
"11/8/17","Wednesday","Winter","time21:00",241.005
"11/8/17","Wednesday","Winter","time22:00",281.775
"11/8/17","Wednesday","Winter","time23:00",250.295
"11/9/17","Thursday","Winter","time00:00",234.265
"11/9/17","Thursday","Winter","time01:00",128.46
"11/9/17","Thursday","Winter","time02:00",124.905
"11/9/17","Thursday","Winter","time03:00",126.5
"11/9/17","Thursday","Winter","time04:00",126.605
"11/9/17","Thursday","Winter","time05:00",164.76
"11/9/17","Thursday","Winter","time06:00",257.95
"11/9/17","Thursday","Winter","time07:00",320.545
"11/9/17","Thursday","Winter","time08:00",392.19
"11/9/17","Thursday","Winter","time09:00",411.36
"11/9/17","Thursday","Winter","time10:00",424.81
"11/9/17","Thursday","Winter","time11:00",433.565
"11/9/17","Thursday","Winter","time12:00",426.47
"11/9/17","Thursday","Winter","time13:00",435.63
"11/9/17","Thursday","Winter","time14:00",454.435
"11/9/17","Thursday","Winter","time15:00",431.94
"11/9/17","Thursday","Winter","time16:00",365.735
"11/9/17","Thursday","Winter","time17:00",380.92
"11/9/17","Thursday","Winter","time18:00",433.41
"11/9/17","Thursday","Winter","time19:00",419.735
"11/9/17","Thursday","Winter","time20:00",366.61
"11/9/17","Thursday","Winter","time21:00",308.38
"11/9/17","Thursday","Winter","time22:00",356.155
"11/9/17","Thursday","Winter","time23:00",309.445
"11/10/17","Friday","Winter","time00:00",243.77
"11/10/17","Friday","Winter","time01:00",243.775
"11/10/17","Friday","Winter","time02:00",171.605
"11/10/17","Friday","Winter","time03:00",122.7
"11/10/17","Friday","Winter","time04:00",125.435
"11/10/17","Friday","Winter","time05:00",149.755
"11/10/17","Friday","Winter","time06:00",161.915
"11/10/17","Friday","Winter","time07:00",156.485
"11/10/17","Friday","Winter","time08:00",161.96
"11/10/17","Friday","Winter","time09:00",172.5
"11/10/17","Friday","Winter","time10:00",176.77
"11/10/17","Friday","Winter","time11:00",180.915
"11/10/17","Friday","Winter","time12:00",184.445
"11/10/17","Friday","Winter","time13:00",179.165
"11/10/17","Friday","Winter","time14:00",177.145
"11/10/17","Friday","Winter","time15:00",180.43
"11/10/17","Friday","Winter","time16:00",187.335
"11/10/17","Friday","Winter","time17:00",291.05
"11/10/17","Friday","Winter","time18:00",325.455
"11/10/17","Friday","Winter","time19:00",313.615
"11/10/17","Friday","Winter","time20:00",280.105
"11/10/17","Friday","Winter","time21:00",224.735
"11/10/17","Friday","Winter","time22:00",232.43
"11/10/17","Friday","Winter","time23:00",157.46
"11/11/17","Saturday","Winter","time00:00",141.635
"11/11/17","Saturday","Winter","time01:00",123.64
"11/11/17","Saturday","Winter","time02:00",121.615
"11/11/17","Saturday","Winter","time03:00",119.69
"11/11/17","Saturday","Winter","time04:00",121.075
"11/11/17","Saturday","Winter","time05:00",132.04
"11/11/17","Saturday","Winter","time06:00",139.355
"11/11/17","Saturday","Winter","time07:00",131.82
"11/11/17","Saturday","Winter","time08:00",142.37
"11/11/17","Saturday","Winter","time09:00",155.615
"11/11/17","Saturday","Winter","time10:00",165.385
"11/11/17","Saturday","Winter","time11:00",165.43
"11/11/17","Saturday","Winter","time12:00",166.52
"11/11/17","Saturday","Winter","time13:00",155.96
"11/11/17","Saturday","Winter","time14:00",156.015
"11/11/17","Saturday","Winter","time15:00",151.66
"11/11/17","Saturday","Winter","time16:00",147.015
"11/11/17","Saturday","Winter","time17:00",176.71
"11/11/17","Saturday","Winter","time18:00",187.6
"11/11/17","Saturday","Winter","time19:00",187.98
"11/11/17","Saturday","Winter","time20:00",195.4
"11/11/17","Saturday","Winter","time21:00",190.815
"11/11/17","Saturday","Winter","time22:00",174.5
"11/11/17","Saturday","Winter","time23:00",158.81
"11/12/17","Sunday","Winter","time00:00",160.385
"11/12/17","Sunday","Winter","time01:00",122.535
"11/12/17","Sunday","Winter","time02:00",119.555
"11/12/17","Sunday","Winter","time03:00",115.465
"11/12/17","Sunday","Winter","time04:00",118.375
"11/12/17","Sunday","Winter","time05:00",123.35
"11/12/17","Sunday","Winter","time06:00",133.68
"11/12/17","Sunday","Winter","time07:00",136.055
"11/12/17","Sunday","Winter","time08:00",135.29
"11/12/17","Sunday","Winter","time09:00",137.015
"11/12/17","Sunday","Winter","time10:00",135.335
"11/12/17","Sunday","Winter","time11:00",141.06
"11/12/17","Sunday","Winter","time12:00",140.27
"11/12/17","Sunday","Winter","time13:00",134.055
"11/12/17","Sunday","Winter","time14:00",127.84
"11/12/17","Sunday","Winter","time15:00",127.025
"11/12/17","Sunday","Winter","time16:00",126.94
"11/12/17","Sunday","Winter","time17:00",150.26
"11/12/17","Sunday","Winter","time18:00",168.105
"11/12/17","Sunday","Winter","time19:00",170.995
"11/12/17","Sunday","Winter","time20:00",175.25
"11/12/17","Sunday","Winter","time21:00",166.745
"11/12/17","Sunday","Winter","time22:00",243.265
"11/12/17","Sunday","Winter","time23:00",240.575
"11/13/17","Monday","Winter","time00:00",146.345
"11/13/17","Monday","Winter","time01:00",117.76
"11/13/17","Monday","Winter","time02:00",115.98
"11/13/17","Monday","Winter","time03:00",116.92
"11/13/17","Monday","Winter","time04:00",119.815
"11/13/17","Monday","Winter","time05:00",165.65
"11/13/17","Monday","Winter","time06:00",246.505
"11/13/17","Monday","Winter","time07:00",322.655
"11/13/17","Monday","Winter","time08:00",386.73
"11/13/17","Monday","Winter","time09:00",417.32
"11/13/17","Monday","Winter","time10:00",420.52
"11/13/17","Monday","Winter","time11:00",422.055
"11/13/17","Monday","Winter","time12:00",411.425
"11/13/17","Monday","Winter","time13:00",420.72
"11/13/17","Monday","Winter","time14:00",407.485
"11/13/17","Monday","Winter","time15:00",377.07
"11/13/17","Monday","Winter","time16:00",325
"11/13/17","Monday","Winter","time17:00",389.33
"11/13/17","Monday","Winter","time18:00",412.795
"11/13/17","Monday","Winter","time19:00",369.315
"11/13/17","Monday","Winter","time20:00",329.335
"11/13/17","Monday","Winter","time21:00",213.255
"11/13/17","Monday","Winter","time22:00",180.285
"11/13/17","Monday","Winter","time23:00",159.51
"11/14/17","Tuesday","Winter","time00:00",145.02
"11/14/17","Tuesday","Winter","time01:00",126.475
"11/14/17","Tuesday","Winter","time02:00",124.385
"11/14/17","Tuesday","Winter","time03:00",124.4
"11/14/17","Tuesday","Winter","time04:00",127.15
"11/14/17","Tuesday","Winter","time05:00",160.455
"11/14/17","Tuesday","Winter","time06:00",241.34
"11/14/17","Tuesday","Winter","time07:00",328.02
"11/14/17","Tuesday","Winter","time08:00",393.035
"11/14/17","Tuesday","Winter","time09:00",408.525
"11/14/17","Tuesday","Winter","time10:00",389.925
"11/14/17","Tuesday","Winter","time11:00",393.98
"11/14/17","Tuesday","Winter","time12:00",385.525
"11/14/17","Tuesday","Winter","time13:00",394.86
"11/14/17","Tuesday","Winter","time14:00",371.92
"11/14/17","Tuesday","Winter","time15:00",334.425
"11/14/17","Tuesday","Winter","time16:00",290.27
"11/14/17","Tuesday","Winter","time17:00",369.345
"11/14/17","Tuesday","Winter","time18:00",397.09
"11/14/17","Tuesday","Winter","time19:00",383.91
"11/14/17","Tuesday","Winter","time20:00",369.375
"11/14/17","Tuesday","Winter","time21:00",278.845
"11/14/17","Tuesday","Winter","time22:00",195.415
"11/14/17","Tuesday","Winter","time23:00",158.505
"11/15/17","Wednesday","Winter","time00:00",141.045
"11/15/17","Wednesday","Winter","time01:00",121.405
"11/15/17","Wednesday","Winter","time02:00",121.66
"11/15/17","Wednesday","Winter","time03:00",119.47
"11/15/17","Wednesday","Winter","time04:00",121.7
"11/15/17","Wednesday","Winter","time05:00",157.72
"11/15/17","Wednesday","Winter","time06:00",239.125
"11/15/17","Wednesday","Winter","time07:00",305.15
"11/15/17","Wednesday","Winter","time08:00",368.525
"11/15/17","Wednesday","Winter","time09:00",383.145
"11/15/17","Wednesday","Winter","time10:00",392.905
"11/15/17","Wednesday","Winter","time11:00",402.545
"11/15/17","Wednesday","Winter","time12:00",377.385
"11/15/17","Wednesday","Winter","time13:00",385.115
"11/15/17","Wednesday","Winter","time14:00",388.795
"11/15/17","Wednesday","Winter","time15:00",341.195
"11/15/17","Wednesday","Winter","time16:00",303.18
"11/15/17","Wednesday","Winter","time17:00",358.64
"11/15/17","Wednesday","Winter","time18:00",319.875
"11/15/17","Wednesday","Winter","time19:00",269.12
"11/15/17","Wednesday","Winter","time20:00",262.77
"11/15/17","Wednesday","Winter","time21:00",221.21
"11/15/17","Wednesday","Winter","time22:00",181.96
"11/15/17","Wednesday","Winter","time23:00",153.115
"11/16/17","Thursday","Winter","time00:00",137.94
"11/16/17","Thursday","Winter","time01:00",116.645
"11/16/17","Thursday","Winter","time02:00",116.13
"11/16/17","Thursday","Winter","time03:00",118.2
"11/16/17","Thursday","Winter","time04:00",119.35
"11/16/17","Thursday","Winter","time05:00",155.32
"11/16/17","Thursday","Winter","time06:00",235.67
"11/16/17","Thursday","Winter","time07:00",314.315
"11/16/17","Thursday","Winter","time08:00",370.91
"11/16/17","Thursday","Winter","time09:00",384.105
"11/16/17","Thursday","Winter","time10:00",396.72
"11/16/17","Thursday","Winter","time11:00",395.1
"11/16/17","Thursday","Winter","time12:00",384.125
"11/16/17","Thursday","Winter","time13:00",377.75
"11/16/17","Thursday","Winter","time14:00",372.175
"11/16/17","Thursday","Winter","time15:00",331.325
"11/16/17","Thursday","Winter","time16:00",327.6
"11/16/17","Thursday","Winter","time17:00",322.735
"11/16/17","Thursday","Winter","time18:00",303.42
"11/16/17","Thursday","Winter","time19:00",295.99
"11/16/17","Thursday","Winter","time20:00",287.175
"11/16/17","Thursday","Winter","time21:00",209.465
"11/16/17","Thursday","Winter","time22:00",179.235
"11/16/17","Thursday","Winter","time23:00",147.49
"11/17/17","Friday","Winter","time00:00",143.65
"11/17/17","Friday","Winter","time01:00",119.53
"11/17/17","Friday","Winter","time02:00",117.54
"11/17/17","Friday","Winter","time03:00",116.195
"11/17/17","Friday","Winter","time04:00",120.095
"11/17/17","Friday","Winter","time05:00",156.19
"11/17/17","Friday","Winter","time06:00",247.635
"11/17/17","Friday","Winter","time07:00",351.73
"11/17/17","Friday","Winter","time08:00",416.96
"11/17/17","Friday","Winter","time09:00",425.92
"11/17/17","Friday","Winter","time10:00",398.26
"11/17/17","Friday","Winter","time11:00",388.265
"11/17/17","Friday","Winter","time12:00",377.18
"11/17/17","Friday","Winter","time13:00",381.265
"11/17/17","Friday","Winter","time14:00",367.255
"11/17/17","Friday","Winter","time15:00",346.355
"11/17/17","Friday","Winter","time16:00",300.965
"11/17/17","Friday","Winter","time17:00",336.19
"11/17/17","Friday","Winter","time18:00",343.1
"11/17/17","Friday","Winter","time19:00",343.805
"11/17/17","Friday","Winter","time20:00",333.615
"11/17/17","Friday","Winter","time21:00",259.325
"11/17/17","Friday","Winter","time22:00",226.605
"11/17/17","Friday","Winter","time23:00",192.605
"11/18/17","Saturday","Winter","time00:00",154.74
"11/18/17","Saturday","Winter","time01:00",144.11
"11/18/17","Saturday","Winter","time02:00",117.715
"11/18/17","Saturday","Winter","time03:00",115.935
"11/18/17","Saturday","Winter","time04:00",117.015
"11/18/17","Saturday","Winter","time05:00",125.815
"11/18/17","Saturday","Winter","time06:00",130.53
"11/18/17","Saturday","Winter","time07:00",125.24
"11/18/17","Saturday","Winter","time08:00",138.945
"11/18/17","Saturday","Winter","time09:00",141.39
"11/18/17","Saturday","Winter","time10:00",146.26
"11/18/17","Saturday","Winter","time11:00",148.205
"11/18/17","Saturday","Winter","time12:00",157.605
"11/18/17","Saturday","Winter","time13:00",156.32
"11/18/17","Saturday","Winter","time14:00",150.97
"11/18/17","Saturday","Winter","time15:00",154.28
"11/18/17","Saturday","Winter","time16:00",143.485
"11/18/17","Saturday","Winter","time17:00",170.48
"11/18/17","Saturday","Winter","time18:00",173.075
"11/18/17","Saturday","Winter","time19:00",176.3
"11/18/17","Saturday","Winter","time20:00",179.835
"11/18/17","Saturday","Winter","time21:00",171.255
"11/18/17","Saturday","Winter","time22:00",162.875
"11/18/17","Saturday","Winter","time23:00",158.47
"11/19/17","Sunday","Winter","time00:00",138.905
"11/19/17","Sunday","Winter","time01:00",126.57
"11/19/17","Sunday","Winter","time02:00",123.135
"11/19/17","Sunday","Winter","time03:00",122.585
"11/19/17","Sunday","Winter","time04:00",124.165
"11/19/17","Sunday","Winter","time05:00",129.56
"11/19/17","Sunday","Winter","time06:00",139.1
"11/19/17","Sunday","Winter","time07:00",147.06
"11/19/17","Sunday","Winter","time08:00",143.63
"11/19/17","Sunday","Winter","time09:00",129.96
"11/19/17","Sunday","Winter","time10:00",132.895
"11/19/17","Sunday","Winter","time11:00",135.87
"11/19/17","Sunday","Winter","time12:00",136.705
"11/19/17","Sunday","Winter","time13:00",132.87
"11/19/17","Sunday","Winter","time14:00",127.1
"11/19/17","Sunday","Winter","time15:00",126.225
"11/19/17","Sunday","Winter","time16:00",127.652
"11/19/17","Sunday","Winter","time17:00",169.353
"11/19/17","Sunday","Winter","time18:00",168.34
"11/19/17","Sunday","Winter","time19:00",167.11
"11/19/17","Sunday","Winter","time20:00",174.15
"11/19/17","Sunday","Winter","time21:00",167.6
"11/19/17","Sunday","Winter","time22:00",166.83
"11/19/17","Sunday","Winter","time23:00",145.95
"11/20/17","Monday","Winter","time00:00",132.565
"11/20/17","Monday","Winter","time01:00",111.605
"11/20/17","Monday","Winter","time02:00",110.835
"11/20/17","Monday","Winter","time03:00",109.855
"11/20/17","Monday","Winter","time04:00",111.69
"11/20/17","Monday","Winter","time05:00",139.59
"11/20/17","Monday","Winter","time06:00",158.835
"11/20/17","Monday","Winter","time07:00",159.295
"11/20/17","Monday","Winter","time08:00",167.41
"11/20/17","Monday","Winter","time09:00",170.845
"11/20/17","Monday","Winter","time10:00",170.48
"11/20/17","Monday","Winter","time11:00",167.175
"11/20/17","Monday","Winter","time12:00",160.86
"11/20/17","Monday","Winter","time13:00",159.95
"11/20/17","Monday","Winter","time14:00",159.84
"11/20/17","Monday","Winter","time15:00",164.955
"11/20/17","Monday","Winter","time16:00",169.065
"11/20/17","Monday","Winter","time17:00",235.3
"11/20/17","Monday","Winter","time18:00",236.695
"11/20/17","Monday","Winter","time19:00",231.91
"11/20/17","Monday","Winter","time20:00",203.91
"11/20/17","Monday","Winter","time21:00",163.125
"11/20/17","Monday","Winter","time22:00",147.24
"11/20/17","Monday","Winter","time23:00",129.005
"11/21/17","Tuesday","Winter","time00:00",129.175
"11/21/17","Tuesday","Winter","time01:00",106.24
"11/21/17","Tuesday","Winter","time02:00",104.105
"11/21/17","Tuesday","Winter","time03:00",104.77
"11/21/17","Tuesday","Winter","time04:00",106.905
"11/21/17","Tuesday","Winter","time05:00",131.14
"11/21/17","Tuesday","Winter","time06:00",146.2
"11/21/17","Tuesday","Winter","time07:00",148.46
"11/21/17","Tuesday","Winter","time08:00",165.68
"11/21/17","Tuesday","Winter","time09:00",171.48
"11/21/17","Tuesday","Winter","time10:00",176.765
"11/21/17","Tuesday","Winter","time11:00",184.495
"11/21/17","Tuesday","Winter","time12:00",178.535
"11/21/17","Tuesday","Winter","time13:00",183.435
"11/21/17","Tuesday","Winter","time14:00",180.225
"11/21/17","Tuesday","Winter","time15:00",178.97
"11/21/17","Tuesday","Winter","time16:00",198.095
"11/21/17","Tuesday","Winter","time17:00",275.695
"11/21/17","Tuesday","Winter","time18:00",253.33
"11/21/17","Tuesday","Winter","time19:00",243.76
"11/21/17","Tuesday","Winter","time20:00",214.89
"11/21/17","Tuesday","Winter","time21:00",192.05
"11/21/17","Tuesday","Winter","time22:00",169.91
"11/21/17","Tuesday","Winter","time23:00",152.795
"11/22/17","Wednesday","Winter","time00:00",139.75
"11/22/17","Wednesday","Winter","time01:00",117.57
"11/22/17","Wednesday","Winter","time02:00",116.315
"11/22/17","Wednesday","Winter","time03:00",119.21
"11/22/17","Wednesday","Winter","time04:00",119.56
"11/22/17","Wednesday","Winter","time05:00",145.65
"11/22/17","Wednesday","Winter","time06:00",160.54
"11/22/17","Wednesday","Winter","time07:00",158.355
"11/22/17","Wednesday","Winter","time08:00",176.63
"11/22/17","Wednesday","Winter","time09:00",177.72
"11/22/17","Wednesday","Winter","time10:00",178.615
"11/22/17","Wednesday","Winter","time11:00",183.59
"11/22/17","Wednesday","Winter","time12:00",182.295
"11/22/17","Wednesday","Winter","time13:00",172.705
"11/22/17","Wednesday","Winter","time14:00",171.595
"11/22/17","Wednesday","Winter","time15:00",168.36
"11/22/17","Wednesday","Winter","time16:00",163.735
"11/22/17","Wednesday","Winter","time17:00",191.3
"11/22/17","Wednesday","Winter","time18:00",191.195
"11/22/17","Wednesday","Winter","time19:00",188.335
"11/22/17","Wednesday","Winter","time20:00",178.75
"11/22/17","Wednesday","Winter","time21:00",166.91
"11/22/17","Wednesday","Winter","time22:00",155.34
"11/22/17","Wednesday","Winter","time23:00",146.105
"11/23/17","Thursday","Winter","time00:00",137.995
"11/23/17","Thursday","Winter","time01:00",117.87
"11/23/17","Thursday","Winter","time02:00",114.955
"11/23/17","Thursday","Winter","time03:00",115.62
"11/23/17","Thursday","Winter","time04:00",117.305
"11/23/17","Thursday","Winter","time05:00",137.985
"11/23/17","Thursday","Winter","time06:00",149.475
"11/23/17","Thursday","Winter","time07:00",137.745
"11/23/17","Thursday","Winter","time08:00",141.105
"11/23/17","Thursday","Winter","time09:00",138.635
"11/23/17","Thursday","Winter","time10:00",144.445
"11/23/17","Thursday","Winter","time11:00",145.735
"11/23/17","Thursday","Winter","time12:00",143.99
"11/23/17","Thursday","Winter","time13:00",141.495
"11/23/17","Thursday","Winter","time14:00",141.15
"11/23/17","Thursday","Winter","time15:00",140.945
"11/23/17","Thursday","Winter","time16:00",140.705
"11/23/17","Thursday","Winter","time17:00",161.615
"11/23/17","Thursday","Winter","time18:00",163.705
"11/23/17","Thursday","Winter","time19:00",160.475
"11/23/17","Thursday","Winter","time20:00",158.8
"11/23/17","Thursday","Winter","time21:00",165.065
"11/23/17","Thursday","Winter","time22:00",160.805
"11/23/17","Thursday","Winter","time23:00",161.3
"11/24/17","Friday","Winter","time00:00",142.955
"11/24/17","Friday","Winter","time01:00",113.535
"11/24/17","Friday","Winter","time02:00",113.375
"11/24/17","Friday","Winter","time03:00",113.115
"11/24/17","Friday","Winter","time04:00",117.475
"11/24/17","Friday","Winter","time05:00",138.4
"11/24/17","Friday","Winter","time06:00",148.235
"11/24/17","Friday","Winter","time07:00",135.17
"11/24/17","Friday","Winter","time08:00",134.73
"11/24/17","Friday","Winter","time09:00",141.09
"11/24/17","Friday","Winter","time10:00",146.28
"11/24/17","Friday","Winter","time11:00",145.87
"11/24/17","Friday","Winter","time12:00",146.26
"11/24/17","Friday","Winter","time13:00",136.45
"11/24/17","Friday","Winter","time14:00",133.945
"11/24/17","Friday","Winter","time15:00",135.32
"11/24/17","Friday","Winter","time16:00",143.315
"11/24/17","Friday","Winter","time17:00",172.995
"11/24/17","Friday","Winter","time18:00",175.075
"11/24/17","Friday","Winter","time19:00",174.385
"11/24/17","Friday","Winter","time20:00",171.215
"11/24/17","Friday","Winter","time21:00",158.65
"11/24/17","Friday","Winter","time22:00",155.33
"11/24/17","Friday","Winter","time23:00",145.425
"11/25/17","Saturday","Winter","time00:00",132.945
"11/25/17","Saturday","Winter","time01:00",114.225
"11/25/17","Saturday","Winter","time02:00",115.625
"11/25/17","Saturday","Winter","time03:00",114.025
"11/25/17","Saturday","Winter","time04:00",115.28
"11/25/17","Saturday","Winter","time05:00",123.245
"11/25/17","Saturday","Winter","time06:00",134.685
"11/25/17","Saturday","Winter","time07:00",133.24
"11/25/17","Saturday","Winter","time08:00",135.36
"11/25/17","Saturday","Winter","time09:00",138.655
"11/25/17","Saturday","Winter","time10:00",141.755
"11/25/17","Saturday","Winter","time11:00",139.755
"11/25/17","Saturday","Winter","time12:00",138.085
"11/25/17","Saturday","Winter","time13:00",138.135
"11/25/17","Saturday","Winter","time14:00",141.27
"11/25/17","Saturday","Winter","time15:00",140.48
"11/25/17","Saturday","Winter","time16:00",136.335
"11/25/17","Saturday","Winter","time17:00",152.025
"11/25/17","Saturday","Winter","time18:00",173.73
"11/25/17","Saturday","Winter","time19:00",162.1
"11/25/17","Saturday","Winter","time20:00",157.335
"11/25/17","Saturday","Winter","time21:00",153.795
"11/25/17","Saturday","Winter","time22:00",146.835
"11/25/17","Saturday","Winter","time23:00",146.025
"11/26/17","Sunday","Winter","time00:00",136.71
"11/26/17","Sunday","Winter","time01:00",116.465
"11/26/17","Sunday","Winter","time02:00",114.585
"11/26/17","Sunday","Winter","time03:00",116.085
"11/26/17","Sunday","Winter","time04:00",117.46
"11/26/17","Sunday","Winter","time05:00",121.25
"11/26/17","Sunday","Winter","time06:00",126.35
"11/26/17","Sunday","Winter","time07:00",131.855
"11/26/17","Sunday","Winter","time08:00",132.2
"11/26/17","Sunday","Winter","time09:00",133.7
"11/26/17","Sunday","Winter","time10:00",134.955
"11/26/17","Sunday","Winter","time11:00",135.625
"11/26/17","Sunday","Winter","time12:00",132.035
"11/26/17","Sunday","Winter","time13:00",131.655
"11/26/17","Sunday","Winter","time14:00",127.55
"11/26/17","Sunday","Winter","time15:00",125.135
"11/26/17","Sunday","Winter","time16:00",128.95
"11/26/17","Sunday","Winter","time17:00",155.95
"11/26/17","Sunday","Winter","time18:00",156.305
"11/26/17","Sunday","Winter","time19:00",155.37
"11/26/17","Sunday","Winter","time20:00",150.2
"11/26/17","Sunday","Winter","time21:00",146.545
"11/26/17","Sunday","Winter","time22:00",145.19
"11/26/17","Sunday","Winter","time23:00",145.24
"11/27/17","Monday","Winter","time00:00",140.49
"11/27/17","Monday","Winter","time01:00",117.25
"11/27/17","Monday","Winter","time02:00",118.695
"11/27/17","Monday","Winter","time03:00",116.995
"11/27/17","Monday","Winter","time04:00",119.85
"11/27/17","Monday","Winter","time05:00",152.585
"11/27/17","Monday","Winter","time06:00",240.295
"11/27/17","Monday","Winter","time07:00",333.12
"11/27/17","Monday","Winter","time08:00",383.275
"11/27/17","Monday","Winter","time09:00",386.03
"11/27/17","Monday","Winter","time10:00",398.7
"11/27/17","Monday","Winter","time11:00",393.085
"11/27/17","Monday","Winter","time12:00",381.7
"11/27/17","Monday","Winter","time13:00",380.645
"11/27/17","Monday","Winter","time14:00",367.69
"11/27/17","Monday","Winter","time15:00",337.31
"11/27/17","Monday","Winter","time16:00",293.5
"11/27/17","Monday","Winter","time17:00",354.27
"11/27/17","Monday","Winter","time18:00",369.21
"11/27/17","Monday","Winter","time19:00",346.835
"11/27/17","Monday","Winter","time20:00",287.025
"11/27/17","Monday","Winter","time21:00",210.595
"11/27/17","Monday","Winter","time22:00",188.635
"11/27/17","Monday","Winter","time23:00",167.13
"11/28/17","Tuesday","Winter","time00:00",154.12
"11/28/17","Tuesday","Winter","time01:00",136.65
"11/28/17","Tuesday","Winter","time02:00",132.495
"11/28/17","Tuesday","Winter","time03:00",132.985
"11/28/17","Tuesday","Winter","time04:00",135.24
"11/28/17","Tuesday","Winter","time05:00",164.815
"11/28/17","Tuesday","Winter","time06:00",262.41
"11/28/17","Tuesday","Winter","time07:00",352.225
"11/28/17","Tuesday","Winter","time08:00",401.26
"11/28/17","Tuesday","Winter","time09:00",398.105
"11/28/17","Tuesday","Winter","time10:00",399.28
"11/28/17","Tuesday","Winter","time11:00",397.065
"11/28/17","Tuesday","Winter","time12:00",391.58
"11/28/17","Tuesday","Winter","time13:00",391.505
"11/28/17","Tuesday","Winter","time14:00",371.96
"11/28/17","Tuesday","Winter","time15:00",337.355
"11/28/17","Tuesday","Winter","time16:00",313.555
"11/28/17","Tuesday","Winter","time17:00",364.495
"11/28/17","Tuesday","Winter","time18:00",360.89
"11/28/17","Tuesday","Winter","time19:00",349.73
"11/28/17","Tuesday","Winter","time20:00",287.37
"11/28/17","Tuesday","Winter","time21:00",225.925
"11/28/17","Tuesday","Winter","time22:00",195.205
"11/28/17","Tuesday","Winter","time23:00",164.415
"11/29/17","Wednesday","Winter","time00:00",151.565
"11/29/17","Wednesday","Winter","time01:00",130.845
"11/29/17","Wednesday","Winter","time02:00",129.435
"11/29/17","Wednesday","Winter","time03:00",127.22
"11/29/17","Wednesday","Winter","time04:00",130.715
"11/29/17","Wednesday","Winter","time05:00",158.425
"11/29/17","Wednesday","Winter","time06:00",254.725
"11/29/17","Wednesday","Winter","time07:00",326.795
"11/29/17","Wednesday","Winter","time08:00",386.365
"11/29/17","Wednesday","Winter","time09:00",399.6
"11/29/17","Wednesday","Winter","time10:00",397.875
"11/29/17","Wednesday","Winter","time11:00",399.16
"11/29/17","Wednesday","Winter","time12:00",383.44
"11/29/17","Wednesday","Winter","time13:00",378.875
"11/29/17","Wednesday","Winter","time14:00",366.085
"11/29/17","Wednesday","Winter","time15:00",326.08
"11/29/17","Wednesday","Winter","time16:00",302.225
"11/29/17","Wednesday","Winter","time17:00",333.8
"11/29/17","Wednesday","Winter","time18:00",323.75
"11/29/17","Wednesday","Winter","time19:00",319.535
"11/29/17","Wednesday","Winter","time20:00",264.075
"11/29/17","Wednesday","Winter","time21:00",228.415
"11/29/17","Wednesday","Winter","time22:00",190.995
"11/29/17","Wednesday","Winter","time23:00",163.805
"11/30/17","Thursday","Winter","time00:00",147.84
"11/30/17","Thursday","Winter","time01:00",125.03
"11/30/17","Thursday","Winter","time02:00",125.51
"11/30/17","Thursday","Winter","time03:00",125.64
"11/30/17","Thursday","Winter","time04:00",127.13
"11/30/17","Thursday","Winter","time05:00",160.355
"11/30/17","Thursday","Winter","time06:00",252.825
"11/30/17","Thursday","Winter","time07:00",339.455
"11/30/17","Thursday","Winter","time08:00",393.655
"11/30/17","Thursday","Winter","time09:00",394.38
"11/30/17","Thursday","Winter","time10:00",401.32
"11/30/17","Thursday","Winter","time11:00",398.13
"11/30/17","Thursday","Winter","time12:00",388.165
"11/30/17","Thursday","Winter","time13:00",376.915
"11/30/17","Thursday","Winter","time14:00",359.92
"11/30/17","Thursday","Winter","time15:00",321.67
"11/30/17","Thursday","Winter","time16:00",310.27
"11/30/17","Thursday","Winter","time17:00",372.955
"11/30/17","Thursday","Winter","time18:00",357.775
"11/30/17","Thursday","Winter","time19:00",316.675
"11/30/17","Thursday","Winter","time20:00",249.69
"11/30/17","Thursday","Winter","time21:00",210.45
"11/30/17","Thursday","Winter","time22:00",170.425
"11/30/17","Thursday","Winter","time23:00",157.64
"12/1/17","Friday","Winter","time00:00",141.395
"12/1/17","Friday","Winter","time01:00",119.865
"12/1/17","Friday","Winter","time02:00",118.07
"12/1/17","Friday","Winter","time03:00",117.52
"12/1/17","Friday","Winter","time04:00",118.98
"12/1/17","Friday","Winter","time05:00",147.345
"12/1/17","Friday","Winter","time06:00",245.93
"12/1/17","Friday","Winter","time07:00",334.24
"12/1/17","Friday","Winter","time08:00",396.85
"12/1/17","Friday","Winter","time09:00",394.075
"12/1/17","Friday","Winter","time10:00",388.62
"12/1/17","Friday","Winter","time11:00",385.63
"12/1/17","Friday","Winter","time12:00",376.645
"12/1/17","Friday","Winter","time13:00",385.535
"12/1/17","Friday","Winter","time14:00",359.39
"12/1/17","Friday","Winter","time15:00",310.33
"12/1/17","Friday","Winter","time16:00",264.41
"12/1/17","Friday","Winter","time17:00",311.35
"12/1/17","Friday","Winter","time18:00",275.245
"12/1/17","Friday","Winter","time19:00",250.41
"12/1/17","Friday","Winter","time20:00",246.03
"12/1/17","Friday","Winter","time21:00",216.335
"12/1/17","Friday","Winter","time22:00",185.035
"12/1/17","Friday","Winter","time23:00",159.24
"12/2/17","Saturday","Winter","time00:00",147.035
"12/2/17","Saturday","Winter","time01:00",123.64
"12/2/17","Saturday","Winter","time02:00",122.1
"12/2/17","Saturday","Winter","time03:00",122.765
"12/2/17","Saturday","Winter","time04:00",124.975
"12/2/17","Saturday","Winter","time05:00",133.44
"12/2/17","Saturday","Winter","time06:00",154.77
"12/2/17","Saturday","Winter","time07:00",168.87
"12/2/17","Saturday","Winter","time08:00",176.15
"12/2/17","Saturday","Winter","time09:00",173.77
"12/2/17","Saturday","Winter","time10:00",183.045
"12/2/17","Saturday","Winter","time11:00",183.52
"12/2/17","Saturday","Winter","time12:00",190.705
"12/2/17","Saturday","Winter","time13:00",184.915
"12/2/17","Saturday","Winter","time14:00",180.335
"12/2/17","Saturday","Winter","time15:00",178.025
"12/2/17","Saturday","Winter","time16:00",169.25
"12/2/17","Saturday","Winter","time17:00",185.41
"12/2/17","Saturday","Winter","time18:00",184.57
"12/2/17","Saturday","Winter","time19:00",174.41
"12/2/17","Saturday","Winter","time20:00",171.23
"12/2/17","Saturday","Winter","time21:00",158.335
"12/2/17","Saturday","Winter","time22:00",168.78
"12/2/17","Saturday","Winter","time23:00",169.96
"12/3/17","Sunday","Winter","time00:00",144.135
"12/3/17","Sunday","Winter","time01:00",127.325
"12/3/17","Sunday","Winter","time02:00",125.575
"12/3/17","Sunday","Winter","time03:00",123.66
"12/3/17","Sunday","Winter","time04:00",119.18
"12/3/17","Sunday","Winter","time05:00",119.845
"12/3/17","Sunday","Winter","time06:00",127.07
"12/3/17","Sunday","Winter","time07:00",131.345
"12/3/17","Sunday","Winter","time08:00",134.145
"12/3/17","Sunday","Winter","time09:00",135.76
"12/3/17","Sunday","Winter","time10:00",140.985
"12/3/17","Sunday","Winter","time11:00",139.62
"12/3/17","Sunday","Winter","time12:00",151.12
"12/3/17","Sunday","Winter","time13:00",152.96
"12/3/17","Sunday","Winter","time14:00",150.87
"12/3/17","Sunday","Winter","time15:00",151.33
"12/3/17","Sunday","Winter","time16:00",148.18
"12/3/17","Sunday","Winter","time17:00",182.08
"12/3/17","Sunday","Winter","time18:00",188.26
"12/3/17","Sunday","Winter","time19:00",173.345
"12/3/17","Sunday","Winter","time20:00",160.33
"12/3/17","Sunday","Winter","time21:00",152.99
"12/3/17","Sunday","Winter","time22:00",148.25
"12/3/17","Sunday","Winter","time23:00",146.295
"12/4/17","Monday","Winter","time00:00",137.52
"12/4/17","Monday","Winter","time01:00",117.285
"12/4/17","Monday","Winter","time02:00",116.5
"12/4/17","Monday","Winter","time03:00",117.98
"12/4/17","Monday","Winter","time04:00",120.99
"12/4/17","Monday","Winter","time05:00",150.14
"12/4/17","Monday","Winter","time06:00",246.075
"12/4/17","Monday","Winter","time07:00",357.295
"12/4/17","Monday","Winter","time08:00",400.355
"12/4/17","Monday","Winter","time09:00",399.01
"12/4/17","Monday","Winter","time10:00",402.665
"12/4/17","Monday","Winter","time11:00",392.235
"12/4/17","Monday","Winter","time12:00",377.96
"12/4/17","Monday","Winter","time13:00",373.02
"12/4/17","Monday","Winter","time14:00",361.515
"12/4/17","Monday","Winter","time15:00",323.38
"12/4/17","Monday","Winter","time16:00",312.075
"12/4/17","Monday","Winter","time17:00",359.33
"12/4/17","Monday","Winter","time18:00",381.845
"12/4/17","Monday","Winter","time19:00",350.205
"12/4/17","Monday","Winter","time20:00",279.43
"12/4/17","Monday","Winter","time21:00",209.16
"12/4/17","Monday","Winter","time22:00",184.525
"12/4/17","Monday","Winter","time23:00",158.705
"12/5/17","Tuesday","Winter","time00:00",142.21
"12/5/17","Tuesday","Winter","time01:00",120.925
"12/5/17","Tuesday","Winter","time02:00",118.575
"12/5/17","Tuesday","Winter","time03:00",118.625
"12/5/17","Tuesday","Winter","time04:00",123.11
"12/5/17","Tuesday","Winter","time05:00",153.685
"12/5/17","Tuesday","Winter","time06:00",248.755
"12/5/17","Tuesday","Winter","time07:00",361.38
"12/5/17","Tuesday","Winter","time08:00",402.52
"12/5/17","Tuesday","Winter","time09:00",407.245
"12/5/17","Tuesday","Winter","time10:00",415.095
"12/5/17","Tuesday","Winter","time11:00",403.69
"12/5/17","Tuesday","Winter","time12:00",394.84
"12/5/17","Tuesday","Winter","time13:00",385.82
"12/5/17","Tuesday","Winter","time14:00",372.285
"12/5/17","Tuesday","Winter","time15:00",340.14
"12/5/17","Tuesday","Winter","time16:00",314.2
"12/5/17","Tuesday","Winter","time17:00",335.515
"12/5/17","Tuesday","Winter","time18:00",333.425
"12/5/17","Tuesday","Winter","time19:00",322.905
"12/5/17","Tuesday","Winter","time20:00",279.1
"12/5/17","Tuesday","Winter","time21:00",211.415
"12/5/17","Tuesday","Winter","time22:00",180.68
"12/5/17","Tuesday","Winter","time23:00",157.595
"12/6/17","Wednesday","Winter","time00:00",145.345
"12/6/17","Wednesday","Winter","time01:00",125.82
"12/6/17","Wednesday","Winter","time02:00",126.125
"12/6/17","Wednesday","Winter","time03:00",125.84
"12/6/17","Wednesday","Winter","time04:00",129.74
"12/6/17","Wednesday","Winter","time05:00",156.525
"12/6/17","Wednesday","Winter","time06:00",247.535
"12/6/17","Wednesday","Winter","time07:00",337.125
"12/6/17","Wednesday","Winter","time08:00",393.98
"12/6/17","Wednesday","Winter","time09:00",407.51
"12/6/17","Wednesday","Winter","time10:00",409.145
"12/6/17","Wednesday","Winter","time11:00",400.935
"12/6/17","Wednesday","Winter","time12:00",395.28
"12/6/17","Wednesday","Winter","time13:00",387.465
"12/6/17","Wednesday","Winter","time14:00",376.735
"12/6/17","Wednesday","Winter","time15:00",336.66
"12/6/17","Wednesday","Winter","time16:00",294.03
"12/6/17","Wednesday","Winter","time17:00",328.6
"12/6/17","Wednesday","Winter","time18:00",338.52
"12/6/17","Wednesday","Winter","time19:00",340.03
"12/6/17","Wednesday","Winter","time20:00",316.725
"12/6/17","Wednesday","Winter","time21:00",238.25
"12/6/17","Wednesday","Winter","time22:00",188.62
"12/6/17","Wednesday","Winter","time23:00",156.07
"12/7/17","Thursday","Winter","time00:00",142.37
"12/7/17","Thursday","Winter","time01:00",123.46
"12/7/17","Thursday","Winter","time02:00",123.335
"12/7/17","Thursday","Winter","time03:00",122.275
"12/7/17","Thursday","Winter","time04:00",125.9
"12/7/17","Thursday","Winter","time05:00",158.44
"12/7/17","Thursday","Winter","time06:00",251.525
"12/7/17","Thursday","Winter","time07:00",358.79
"12/7/17","Thursday","Winter","time08:00",403.075
"12/7/17","Thursday","Winter","time09:00",404.745
"12/7/17","Thursday","Winter","time10:00",408.515
"12/7/17","Thursday","Winter","time11:00",401.5
"12/7/17","Thursday","Winter","time12:00",393.42
"12/7/17","Thursday","Winter","time13:00",392.355
"12/7/17","Thursday","Winter","time14:00",380.545
"12/7/17","Thursday","Winter","time15:00",335.185
"12/7/17","Thursday","Winter","time16:00",302.935
"12/7/17","Thursday","Winter","time17:00",337.015
"12/7/17","Thursday","Winter","time18:00",331.02
"12/7/17","Thursday","Winter","time19:00",317.475
"12/7/17","Thursday","Winter","time20:00",304.02
"12/7/17","Thursday","Winter","time21:00",233.835
"12/7/17","Thursday","Winter","time22:00",189.215
"12/7/17","Thursday","Winter","time23:00",161.655
"12/8/17","Friday","Winter","time00:00",145.085
"12/8/17","Friday","Winter","time01:00",124.525
"12/8/17","Friday","Winter","time02:00",122.355
"12/8/17","Friday","Winter","time03:00",121.705
"12/8/17","Friday","Winter","time04:00",123.6
"12/8/17","Friday","Winter","time05:00",159.01
"12/8/17","Friday","Winter","time06:00",258.865
"12/8/17","Friday","Winter","time07:00",363.435
"12/8/17","Friday","Winter","time08:00",409.385
"12/8/17","Friday","Winter","time09:00",408.225
"12/8/17","Friday","Winter","time10:00",401.665
"12/8/17","Friday","Winter","time11:00",395.105
"12/8/17","Friday","Winter","time12:00",385.125
"12/8/17","Friday","Winter","time13:00",393.335
"12/8/17","Friday","Winter","time14:00",376.32
"12/8/17","Friday","Winter","time15:00",322.855
"12/8/17","Friday","Winter","time16:00",279.585
"12/8/17","Friday","Winter","time17:00",322.965
"12/8/17","Friday","Winter","time18:00",301.97
"12/8/17","Friday","Winter","time19:00",290.795
"12/8/17","Friday","Winter","time20:00",276.47
"12/8/17","Friday","Winter","time21:00",209.685
"12/8/17","Friday","Winter","time22:00",184.945
"12/8/17","Friday","Winter","time23:00",161.275
"12/9/17","Saturday","Winter","time00:00",146.115
"12/9/17","Saturday","Winter","time01:00",127.29
"12/9/17","Saturday","Winter","time02:00",124.26
"12/9/17","Saturday","Winter","time03:00",123.045
"12/9/17","Saturday","Winter","time04:00",124.955
"12/9/17","Saturday","Winter","time05:00",131.895
"12/9/17","Saturday","Winter","time06:00",161.47
"12/9/17","Saturday","Winter","time07:00",183.545
"12/9/17","Saturday","Winter","time08:00",196.59
"12/9/17","Saturday","Winter","time09:00",204.925
"12/9/17","Saturday","Winter","time10:00",213.145
"12/9/17","Saturday","Winter","time11:00",219.31
"12/9/17","Saturday","Winter","time12:00",215.745
"12/9/17","Saturday","Winter","time13:00",210.54
"12/9/17","Saturday","Winter","time14:00",194.085
"12/9/17","Saturday","Winter","time15:00",186.365
"12/9/17","Saturday","Winter","time16:00",180.38
"12/9/17","Saturday","Winter","time17:00",197.665
"12/9/17","Saturday","Winter","time18:00",210.745
"12/9/17","Saturday","Winter","time19:00",196.49
"12/9/17","Saturday","Winter","time20:00",174.67
"12/9/17","Saturday","Winter","time21:00",167.46
"12/9/17","Saturday","Winter","time22:00",176.35
"12/9/17","Saturday","Winter","time23:00",157.895
"12/10/17","Sunday","Winter","time00:00",145.415
"12/10/17","Sunday","Winter","time01:00",128.45
"12/10/17","Sunday","Winter","time02:00",127.765
"12/10/17","Sunday","Winter","time03:00",127.22
"12/10/17","Sunday","Winter","time04:00",128.495
"12/10/17","Sunday","Winter","time05:00",133.97
"12/10/17","Sunday","Winter","time06:00",140.75
"12/10/17","Sunday","Winter","time07:00",148.495
"12/10/17","Sunday","Winter","time08:00",145.635
"12/10/17","Sunday","Winter","time09:00",149.43
"12/10/17","Sunday","Winter","time10:00",150.07
"12/10/17","Sunday","Winter","time11:00",150.065
"12/10/17","Sunday","Winter","time12:00",143.72
"12/10/17","Sunday","Winter","time13:00",137.19
"12/10/17","Sunday","Winter","time14:00",137.805
"12/10/17","Sunday","Winter","time15:00",135.96
"12/10/17","Sunday","Winter","time16:00",136.95
"12/10/17","Sunday","Winter","time17:00",171.505
"12/10/17","Sunday","Winter","time18:00",169.175
"12/10/17","Sunday","Winter","time19:00",162.905
"12/10/17","Sunday","Winter","time20:00",158.4
"12/10/17","Sunday","Winter","time21:00",154.79
"12/10/17","Sunday","Winter","time22:00",153.85
"12/10/17","Sunday","Winter","time23:00",149.515
"12/11/17","Monday","Winter","time00:00",143.22
"12/11/17","Monday","Winter","time01:00",125.845
"12/11/17","Monday","Winter","time02:00",124.575
"12/11/17","Monday","Winter","time03:00",122.955
"12/11/17","Monday","Winter","time04:00",128.805
"12/11/17","Monday","Winter","time05:00",159.34
"12/11/17","Monday","Winter","time06:00",255.4
"12/11/17","Monday","Winter","time07:00",375.33
"12/11/17","Monday","Winter","time08:00",414.23
"12/11/17","Monday","Winter","time09:00",402.715
"12/11/17","Monday","Winter","time10:00",404.375
"12/11/17","Monday","Winter","time11:00",392.58
"12/11/17","Monday","Winter","time12:00",368.585
"12/11/17","Monday","Winter","time13:00",380.175
"12/11/17","Monday","Winter","time14:00",369.295
"12/11/17","Monday","Winter","time15:00",334.715
"12/11/17","Monday","Winter","time16:00",290.42
"12/11/17","Monday","Winter","time17:00",331.02
"12/11/17","Monday","Winter","time18:00",351.39
"12/11/17","Monday","Winter","time19:00",350.99
"12/11/17","Monday","Winter","time20:00",312.64
"12/11/17","Monday","Winter","time21:00",216.41
"12/11/17","Monday","Winter","time22:00",188.15
"12/11/17","Monday","Winter","time23:00",162.655
"12/12/17","Tuesday","Winter","time00:00",148.92
"12/12/17","Tuesday","Winter","time01:00",130.345
"12/12/17","Tuesday","Winter","time02:00",129.18
"12/12/17","Tuesday","Winter","time03:00",129.195
"12/12/17","Tuesday","Winter","time04:00",133.2
"12/12/17","Tuesday","Winter","time05:00",162.69
"12/12/17","Tuesday","Winter","time06:00",261.74
"12/12/17","Tuesday","Winter","time07:00",369.965
"12/12/17","Tuesday","Winter","time08:00",404.665
"12/12/17","Tuesday","Winter","time09:00",395.295
"12/12/17","Tuesday","Winter","time10:00",406.27
"12/12/17","Tuesday","Winter","time11:00",400.45
"12/12/17","Tuesday","Winter","time12:00",387.205
"12/12/17","Tuesday","Winter","time13:00",395.39
"12/12/17","Tuesday","Winter","time14:00",367.475
"12/12/17","Tuesday","Winter","time15:00",328.75
"12/12/17","Tuesday","Winter","time16:00",296.76
"12/12/17","Tuesday","Winter","time17:00",356.455
"12/12/17","Tuesday","Winter","time18:00",338.845
"12/12/17","Tuesday","Winter","time19:00",335.745
"12/12/17","Tuesday","Winter","time20:00",321.6
"12/12/17","Tuesday","Winter","time21:00",256.765
"12/12/17","Tuesday","Winter","time22:00",180.165
"12/12/17","Tuesday","Winter","time23:00",155.795
"12/13/17","Wednesday","Winter","time00:00",143.99
"12/13/17","Wednesday","Winter","time01:00",124.165
"12/13/17","Wednesday","Winter","time02:00",122.37
"12/13/17","Wednesday","Winter","time03:00",122.5
"12/13/17","Wednesday","Winter","time04:00",126.21
"12/13/17","Wednesday","Winter","time05:00",155.29
"12/13/17","Wednesday","Winter","time06:00",247.125
"12/13/17","Wednesday","Winter","time07:00",344.525
"12/13/17","Wednesday","Winter","time08:00",400.025
"12/13/17","Wednesday","Winter","time09:00",405.15
"12/13/17","Wednesday","Winter","time10:00",409.295
"12/13/17","Wednesday","Winter","time11:00",402.035
"12/13/17","Wednesday","Winter","time12:00",398.95
"12/13/17","Wednesday","Winter","time13:00",391.03
"12/13/17","Wednesday","Winter","time14:00",378.055
"12/13/17","Wednesday","Winter","time15:00",342.07
"12/13/17","Wednesday","Winter","time16:00",345.62
"12/13/17","Wednesday","Winter","time17:00",407.005
"12/13/17","Wednesday","Winter","time18:00",393.9
"12/13/17","Wednesday","Winter","time19:00",377.895
"12/13/17","Wednesday","Winter","time20:00",302.91
"12/13/17","Wednesday","Winter","time21:00",238.215
"12/13/17","Wednesday","Winter","time22:00",181.83
"12/13/17","Wednesday","Winter","time23:00",159.02
"12/14/17","Thursday","Winter","time00:00",148.065
"12/14/17","Thursday","Winter","time01:00",129.06
"12/14/17","Thursday","Winter","time02:00",128.63
"12/14/17","Thursday","Winter","time03:00",128.83
"12/14/17","Thursday","Winter","time04:00",130.94
"12/14/17","Thursday","Winter","time05:00",159.37
"12/14/17","Thursday","Winter","time06:00",257.845
"12/14/17","Thursday","Winter","time07:00",359.6
"12/14/17","Thursday","Winter","time08:00",402.55
"12/14/17","Thursday","Winter","time09:00",411.05
"12/14/17","Thursday","Winter","time10:00",413.79
"12/14/17","Thursday","Winter","time11:00",402.56
"12/14/17","Thursday","Winter","time12:00",395.005
"12/14/17","Thursday","Winter","time13:00",390.355
"12/14/17","Thursday","Winter","time14:00",372.62
"12/14/17","Thursday","Winter","time15:00",330.945
"12/14/17","Thursday","Winter","time16:00",297.91
"12/14/17","Thursday","Winter","time17:00",370.265
"12/14/17","Thursday","Winter","time18:00",354.875
"12/14/17","Thursday","Winter","time19:00",320.26
"12/14/17","Thursday","Winter","time20:00",293.16
"12/14/17","Thursday","Winter","time21:00",213.145
"12/14/17","Thursday","Winter","time22:00",184.095
"12/14/17","Thursday","Winter","time23:00",159.245
"12/15/17","Friday","Winter","time00:00",145.12
"12/15/17","Friday","Winter","time01:00",122.7
"12/15/17","Friday","Winter","time02:00",121.725
"12/15/17","Friday","Winter","time03:00",122.515
"12/15/17","Friday","Winter","time04:00",129.635
"12/15/17","Friday","Winter","time05:00",161.065
"12/15/17","Friday","Winter","time06:00",249.875
"12/15/17","Friday","Winter","time07:00",369.775
"12/15/17","Friday","Winter","time08:00",414.355
"12/15/17","Friday","Winter","time09:00",408.325
"12/15/17","Friday","Winter","time10:00",409.99
"12/15/17","Friday","Winter","time11:00",398.49
"12/15/17","Friday","Winter","time12:00",386.925
"12/15/17","Friday","Winter","time13:00",388.515
"12/15/17","Friday","Winter","time14:00",357.29
"12/15/17","Friday","Winter","time15:00",320.58
"12/15/17","Friday","Winter","time16:00",273.03
"12/15/17","Friday","Winter","time17:00",283.765
"12/15/17","Friday","Winter","time18:00",270.165
"12/15/17","Friday","Winter","time19:00",249.55
"12/15/17","Friday","Winter","time20:00",259.87
"12/15/17","Friday","Winter","time21:00",207.97
"12/15/17","Friday","Winter","time22:00",181.535
"12/15/17","Friday","Winter","time23:00",161.17
"12/16/17","Saturday","Winter","time00:00",146.435
"12/16/17","Saturday","Winter","time01:00",126.01
"12/16/17","Saturday","Winter","time02:00",121.795
"12/16/17","Saturday","Winter","time03:00",123.01
"12/16/17","Saturday","Winter","time04:00",123.94
"12/16/17","Saturday","Winter","time05:00",124.465
"12/16/17","Saturday","Winter","time06:00",133.425
"12/16/17","Saturday","Winter","time07:00",144.73
"12/16/17","Saturday","Winter","time08:00",144.905
"12/16/17","Saturday","Winter","time09:00",146.805
"12/16/17","Saturday","Winter","time10:00",149.175
"12/16/17","Saturday","Winter","time11:00",144.135
"12/16/17","Saturday","Winter","time12:00",141.29
"12/16/17","Saturday","Winter","time13:00",137.15
"12/16/17","Saturday","Winter","time14:00",138.355
"12/16/17","Saturday","Winter","time15:00",133.465
"12/16/17","Saturday","Winter","time16:00",131.75
"12/16/17","Saturday","Winter","time17:00",165.465
"12/16/17","Saturday","Winter","time18:00",168.265
"12/16/17","Saturday","Winter","time19:00",167.495
"12/16/17","Saturday","Winter","time20:00",162.935
"12/16/17","Saturday","Winter","time21:00",159.86
"12/16/17","Saturday","Winter","time22:00",158.135
"12/16/17","Saturday","Winter","time23:00",156.165
"12/17/17","Sunday","Winter","time00:00",140.42
"12/17/17","Sunday","Winter","time01:00",122.34
"12/17/17","Sunday","Winter","time02:00",120.975
"12/17/17","Sunday","Winter","time03:00",118.94
"12/17/17","Sunday","Winter","time04:00",121.225
"12/17/17","Sunday","Winter","time05:00",123.51
"12/17/17","Sunday","Winter","time06:00",138.615
"12/17/17","Sunday","Winter","time07:00",145.83
"12/17/17","Sunday","Winter","time08:00",147.065
"12/17/17","Sunday","Winter","time09:00",154.155
"12/17/17","Sunday","Winter","time10:00",161.42
"12/17/17","Sunday","Winter","time11:00",163.71
"12/17/17","Sunday","Winter","time12:00",157.655
"12/17/17","Sunday","Winter","time13:00",152.75
"12/17/17","Sunday","Winter","time14:00",144.07
"12/17/17","Sunday","Winter","time15:00",138.78
"12/17/17","Sunday","Winter","time16:00",133.155
"12/17/17","Sunday","Winter","time17:00",152.265
"12/17/17","Sunday","Winter","time18:00",158.03
"12/17/17","Sunday","Winter","time19:00",156.88
"12/17/17","Sunday","Winter","time20:00",156.885
"12/17/17","Sunday","Winter","time21:00",146.725
"12/17/17","Sunday","Winter","time22:00",144.765
"12/17/17","Sunday","Winter","time23:00",145.23
"12/18/17","Monday","Winter","time00:00",137.35
"12/18/17","Monday","Winter","time01:00",119.28
"12/18/17","Monday","Winter","time02:00",119.73
"12/18/17","Monday","Winter","time03:00",118.83
"12/18/17","Monday","Winter","time04:00",122.68
"12/18/17","Monday","Winter","time05:00",153.18
"12/18/17","Monday","Winter","time06:00",248.42
"12/18/17","Monday","Winter","time07:00",373.64
"12/18/17","Monday","Winter","time08:00",416.665
"12/18/17","Monday","Winter","time09:00",415.685
"12/18/17","Monday","Winter","time10:00",413.5
"12/18/17","Monday","Winter","time11:00",397.745
"12/18/17","Monday","Winter","time12:00",385.99
"12/18/17","Monday","Winter","time13:00",385.85
"12/18/17","Monday","Winter","time14:00",368.51
"12/18/17","Monday","Winter","time15:00",326.565
"12/18/17","Monday","Winter","time16:00",306.145
"12/18/17","Monday","Winter","time17:00",382.655
"12/18/17","Monday","Winter","time18:00",359.245
"12/18/17","Monday","Winter","time19:00",302.67
"12/18/17","Monday","Winter","time20:00",227.755
"12/18/17","Monday","Winter","time21:00",193.01
"12/18/17","Monday","Winter","time22:00",172.275
"12/18/17","Monday","Winter","time23:00",152.535
"12/19/17","Tuesday","Winter","time00:00",138.625
"12/19/17","Tuesday","Winter","time01:00",116.37
"12/19/17","Tuesday","Winter","time02:00",113.85
"12/19/17","Tuesday","Winter","time03:00",114.355
"12/19/17","Tuesday","Winter","time04:00",117.41
"12/19/17","Tuesday","Winter","time05:00",155.97
"12/19/17","Tuesday","Winter","time06:00",254.195
"12/19/17","Tuesday","Winter","time07:00",360.385
"12/19/17","Tuesday","Winter","time08:00",402.71
"12/19/17","Tuesday","Winter","time09:00",401.18
"12/19/17","Tuesday","Winter","time10:00",401.605
"12/19/17","Tuesday","Winter","time11:00",396.475
"12/19/17","Tuesday","Winter","time12:00",384.925
"12/19/17","Tuesday","Winter","time13:00",384.245
"12/19/17","Tuesday","Winter","time14:00",359.71
"12/19/17","Tuesday","Winter","time15:00",317.32
"12/19/17","Tuesday","Winter","time16:00",266.17
"12/19/17","Tuesday","Winter","time17:00",314.615
"12/19/17","Tuesday","Winter","time18:00",290.87
"12/19/17","Tuesday","Winter","time19:00",261.63
"12/19/17","Tuesday","Winter","time20:00",265.295
"12/19/17","Tuesday","Winter","time21:00",222.915
"12/19/17","Tuesday","Winter","time22:00",191.785
"12/19/17","Tuesday","Winter","time23:00",166.275
"12/20/17","Wednesday","Winter","time00:00",145.8
"12/20/17","Wednesday","Winter","time01:00",134.48
"12/20/17","Wednesday","Winter","time02:00",133.39
"12/20/17","Wednesday","Winter","time03:00",132.475
"12/20/17","Wednesday","Winter","time04:00",134.05
"12/20/17","Wednesday","Winter","time05:00",155.525
"12/20/17","Wednesday","Winter","time06:00",244.7
"12/20/17","Wednesday","Winter","time07:00",331.965
"12/20/17","Wednesday","Winter","time08:00",394.59
"12/20/17","Wednesday","Winter","time09:00",407.42
"12/20/17","Wednesday","Winter","time10:00",411.685
"12/20/17","Wednesday","Winter","time11:00",405.22
"12/20/17","Wednesday","Winter","time12:00",384.995
"12/20/17","Wednesday","Winter","time13:00",380.09
"12/20/17","Wednesday","Winter","time14:00",364.29
"12/20/17","Wednesday","Winter","time15:00",328.705
"12/20/17","Wednesday","Winter","time16:00",279.45
"12/20/17","Wednesday","Winter","time17:00",298.35
"12/20/17","Wednesday","Winter","time18:00",308.725
"12/20/17","Wednesday","Winter","time19:00",287.315
"12/20/17","Wednesday","Winter","time20:00",254.71
"12/20/17","Wednesday","Winter","time21:00",201.445
"12/20/17","Wednesday","Winter","time22:00",177.555
"12/20/17","Wednesday","Winter","time23:00",158.975
"12/21/17","Thursday","Winter","time00:00",144.245
"12/21/17","Thursday","Winter","time01:00",124.1
"12/21/17","Thursday","Winter","time02:00",123.61
"12/21/17","Thursday","Winter","time03:00",122.595
"12/21/17","Thursday","Winter","time04:00",125.485
"12/21/17","Thursday","Winter","time05:00",161.515
"12/21/17","Thursday","Winter","time06:00",264.945
"12/21/17","Thursday","Winter","time07:00",356.6
"12/21/17","Thursday","Winter","time08:00",408.305
"12/21/17","Thursday","Winter","time09:00",415.725
"12/21/17","Thursday","Winter","time10:00",411.74
"12/21/17","Thursday","Winter","time11:00",403.925
"12/21/17","Thursday","Winter","time12:00",388.12
"12/21/17","Thursday","Winter","time13:00",368.75
"12/21/17","Thursday","Winter","time14:00",361.93
"12/21/17","Thursday","Winter","time15:00",333.84
"12/21/17","Thursday","Winter","time16:00",292.045
"12/21/17","Thursday","Winter","time17:00",349
"12/21/17","Thursday","Winter","time18:00",359.025
"12/21/17","Thursday","Winter","time19:00",340.675
"12/21/17","Thursday","Winter","time20:00",287.41
"12/21/17","Thursday","Winter","time21:00",219.34
"12/21/17","Thursday","Winter","time22:00",191.65
"12/21/17","Thursday","Winter","time23:00",164.91
"12/22/17","Friday","Winter","time00:00",140.94
"12/22/17","Friday","Winter","time01:00",124.415
"12/22/17","Friday","Winter","time02:00",122.825
"12/22/17","Friday","Winter","time03:00",121.045
"12/22/17","Friday","Winter","time04:00",127.395
"12/22/17","Friday","Winter","time05:00",160.975
"12/22/17","Friday","Winter","time06:00",258.125
"12/22/17","Friday","Winter","time07:00",372.355
"12/22/17","Friday","Winter","time08:00",410.765
"12/22/17","Friday","Winter","time09:00",405.51
"12/22/17","Friday","Winter","time10:00",397.195
"12/22/17","Friday","Winter","time11:00",369.835
"12/22/17","Friday","Winter","time12:00",355.415
"12/22/17","Friday","Winter","time13:00",358.195
"12/22/17","Friday","Winter","time14:00",340.97
"12/22/17","Friday","Winter","time15:00",290.44
"12/22/17","Friday","Winter","time16:00",260.56
"12/22/17","Friday","Winter","time17:00",296.77
"12/22/17","Friday","Winter","time18:00",262.925
"12/22/17","Friday","Winter","time19:00",223.725
"12/22/17","Friday","Winter","time20:00",210.055
"12/22/17","Friday","Winter","time21:00",181.14
"12/22/17","Friday","Winter","time22:00",164.35
"12/22/17","Friday","Winter","time23:00",149.85
"12/23/17","Saturday","Winter","time00:00",131.98
"12/23/17","Saturday","Winter","time01:00",113
"12/23/17","Saturday","Winter","time02:00",112.4
"12/23/17","Saturday","Winter","time03:00",111.035
"12/23/17","Saturday","Winter","time04:00",112.925
"12/23/17","Saturday","Winter","time05:00",113.98
"12/23/17","Saturday","Winter","time06:00",116.64
"12/23/17","Saturday","Winter","time07:00",117.185
"12/23/17","Saturday","Winter","time08:00",115.94
"12/23/17","Saturday","Winter","time09:00",118.405
"12/23/17","Saturday","Winter","time10:00",118.835
"12/23/17","Saturday","Winter","time11:00",120.06
"12/23/17","Saturday","Winter","time12:00",119.835
"12/23/17","Saturday","Winter","time13:00",118.235
"12/23/17","Saturday","Winter","time14:00",117.475
"12/23/17","Saturday","Winter","time15:00",120.9
"12/23/17","Saturday","Winter","time16:00",123.605
"12/23/17","Saturday","Winter","time17:00",149.775
"12/23/17","Saturday","Winter","time18:00",150.765
"12/23/17","Saturday","Winter","time19:00",149.79
"12/23/17","Saturday","Winter","time20:00",152.07
"12/23/17","Saturday","Winter","time21:00",148.815
"12/23/17","Saturday","Winter","time22:00",143.66
"12/23/17","Saturday","Winter","time23:00",138.82
"12/24/17","Sunday","Winter","time00:00",132.17
"12/24/17","Sunday","Winter","time01:00",111.705
"12/24/17","Sunday","Winter","time02:00",111.565
"12/24/17","Sunday","Winter","time03:00",110.25
"12/24/17","Sunday","Winter","time04:00",112.8
"12/24/17","Sunday","Winter","time05:00",112.765
"12/24/17","Sunday","Winter","time06:00",118.13
"12/24/17","Sunday","Winter","time07:00",122.605
"12/24/17","Sunday","Winter","time08:00",120.51
"12/24/17","Sunday","Winter","time09:00",121.625
"12/24/17","Sunday","Winter","time10:00",124.47
"12/24/17","Sunday","Winter","time11:00",124.965
"12/24/17","Sunday","Winter","time12:00",123.885
"12/24/17","Sunday","Winter","time13:00",126.125
"12/24/17","Sunday","Winter","time14:00",123.465
"12/24/17","Sunday","Winter","time15:00",124.87
"12/24/17","Sunday","Winter","time16:00",123.655
"12/24/17","Sunday","Winter","time17:00",147.42
"12/24/17","Sunday","Winter","time18:00",149.105
"12/24/17","Sunday","Winter","time19:00",149.355
"12/24/17","Sunday","Winter","time20:00",144.225
"12/24/17","Sunday","Winter","time21:00",137.47
"12/24/17","Sunday","Winter","time22:00",134.125
"12/24/17","Sunday","Winter","time23:00",133.32
"12/25/17","Monday","Winter","time00:00",126.66
"12/25/17","Monday","Winter","time01:00",108.11
"12/25/17","Monday","Winter","time02:00",107.67
"12/25/17","Monday","Winter","time03:00",108.49
"12/25/17","Monday","Winter","time04:00",113.52
"12/25/17","Monday","Winter","time05:00",139.065
"12/25/17","Monday","Winter","time06:00",162.445
"12/25/17","Monday","Winter","time07:00",176.125
"12/25/17","Monday","Winter","time08:00",137.695
"12/25/17","Monday","Winter","time09:00",135.985
"12/25/17","Monday","Winter","time10:00",136.155
"12/25/17","Monday","Winter","time11:00",133.535
"12/25/17","Monday","Winter","time12:00",134.38
"12/25/17","Monday","Winter","time13:00",134.375
"12/25/17","Monday","Winter","time14:00",135.545
"12/25/17","Monday","Winter","time15:00",133.055
"12/25/17","Monday","Winter","time16:00",135.305
"12/25/17","Monday","Winter","time17:00",176.31
"12/25/17","Monday","Winter","time18:00",177.88
"12/25/17","Monday","Winter","time19:00",163.78
"12/25/17","Monday","Winter","time20:00",158.04
"12/25/17","Monday","Winter","time21:00",144.355
"12/25/17","Monday","Winter","time22:00",136.03
"12/25/17","Monday","Winter","time23:00",134.28
"12/26/17","Tuesday","Winter","time00:00",128.5
"12/26/17","Tuesday","Winter","time01:00",110.87
"12/26/17","Tuesday","Winter","time02:00",109.185
"12/26/17","Tuesday","Winter","time03:00",108.49
"12/26/17","Tuesday","Winter","time04:00",111.445
"12/26/17","Tuesday","Winter","time05:00",137.215
"12/26/17","Tuesday","Winter","time06:00",160.585
"12/26/17","Tuesday","Winter","time07:00",164.215
"12/26/17","Tuesday","Winter","time08:00",135.965
"12/26/17","Tuesday","Winter","time09:00",138.635
"12/26/17","Tuesday","Winter","time10:00",141.49
"12/26/17","Tuesday","Winter","time11:00",143.09
"12/26/17","Tuesday","Winter","time12:00",143.765
"12/26/17","Tuesday","Winter","time13:00",141.825
"12/26/17","Tuesday","Winter","time14:00",139.335
"12/26/17","Tuesday","Winter","time15:00",137.455
"12/26/17","Tuesday","Winter","time16:00",138.145
"12/26/17","Tuesday","Winter","time17:00",162.38
"12/26/17","Tuesday","Winter","time18:00",167.975
"12/26/17","Tuesday","Winter","time19:00",164.77
"12/26/17","Tuesday","Winter","time20:00",162.16
"12/26/17","Tuesday","Winter","time21:00",148.575
"12/26/17","Tuesday","Winter","time22:00",144.545
"12/26/17","Tuesday","Winter","time23:00",137.76
"12/27/17","Wednesday","Winter","time00:00",127.525
"12/27/17","Wednesday","Winter","time01:00",111.035
"12/27/17","Wednesday","Winter","time02:00",110.355
"12/27/17","Wednesday","Winter","time03:00",109.095
"12/27/17","Wednesday","Winter","time04:00",113.375
"12/27/17","Wednesday","Winter","time05:00",139.635
"12/27/17","Wednesday","Winter","time06:00",166.575
"12/27/17","Wednesday","Winter","time07:00",181.745
"12/27/17","Wednesday","Winter","time08:00",158.895
"12/27/17","Wednesday","Winter","time09:00",159.675
"12/27/17","Wednesday","Winter","time10:00",161.54
"12/27/17","Wednesday","Winter","time11:00",162.955
"12/27/17","Wednesday","Winter","time12:00",159.16
"12/27/17","Wednesday","Winter","time13:00",166.735
"12/27/17","Wednesday","Winter","time14:00",171.04
"12/27/17","Wednesday","Winter","time15:00",167.385
"12/27/17","Wednesday","Winter","time16:00",163.295
"12/27/17","Wednesday","Winter","time17:00",181.185
"12/27/17","Wednesday","Winter","time18:00",237.945
"12/27/17","Wednesday","Winter","time19:00",232.145
"12/27/17","Wednesday","Winter","time20:00",204.395
"12/27/17","Wednesday","Winter","time21:00",171.485
"12/27/17","Wednesday","Winter","time22:00",147.27
"12/27/17","Wednesday","Winter","time23:00",133.25
"12/28/17","Thursday","Winter","time00:00",124.665
"12/28/17","Thursday","Winter","time01:00",105.07
"12/28/17","Thursday","Winter","time02:00",105.865
"12/28/17","Thursday","Winter","time03:00",107.48
"12/28/17","Thursday","Winter","time04:00",111.985
"12/28/17","Thursday","Winter","time05:00",140.225
"12/28/17","Thursday","Winter","time06:00",167.385
"12/28/17","Thursday","Winter","time07:00",182.175
"12/28/17","Thursday","Winter","time08:00",157.555
"12/28/17","Thursday","Winter","time09:00",165.835
"12/28/17","Thursday","Winter","time10:00",169.76
"12/28/17","Thursday","Winter","time11:00",138.915
"12/28/17","Thursday","Winter","time12:00",113.145
"12/28/17","Thursday","Winter","time13:00",114.415
"12/28/17","Thursday","Winter","time14:00",84.125
"12/28/17","Thursday","Winter","time15:00",80.025
"12/28/17","Thursday","Winter","time16:00",181.78
"12/28/17","Thursday","Winter","time17:00",264.83
"12/28/17","Thursday","Winter","time18:00",255.925
"12/28/17","Thursday","Winter","time19:00",230.595
"12/28/17","Thursday","Winter","time20:00",199.07
"12/28/17","Thursday","Winter","time21:00",170.82
"12/28/17","Thursday","Winter","time22:00",150.365
"12/28/17","Thursday","Winter","time23:00",138.595
"12/29/17","Friday","Winter","time00:00",127.465
"12/29/17","Friday","Winter","time01:00",109.22
"12/29/17","Friday","Winter","time02:00",109.99
"12/29/17","Friday","Winter","time03:00",108.605
"12/29/17","Friday","Winter","time04:00",112.53
"12/29/17","Friday","Winter","time05:00",141.54
"12/29/17","Friday","Winter","time06:00",165.895
"12/29/17","Friday","Winter","time07:00",167.72
"12/29/17","Friday","Winter","time08:00",110.99
"12/29/17","Friday","Winter","time09:00",64.705
"12/29/17","Friday","Winter","time10:00",45.795
"12/29/17","Friday","Winter","time11:00",39.87
"12/29/17","Friday","Winter","time12:00",41.18
"12/29/17","Friday","Winter","time13:00",42.25
"12/29/17","Friday","Winter","time14:00",39.12
"12/29/17","Friday","Winter","time15:00",71.765
"12/29/17","Friday","Winter","time16:00",132.955
"12/29/17","Friday","Winter","time17:00",183.895
"12/29/17","Friday","Winter","time18:00",221.175
"12/29/17","Friday","Winter","time19:00",223.7
"12/29/17","Friday","Winter","time20:00",198.965
"12/29/17","Friday","Winter","time21:00",162.07
"12/29/17","Friday","Winter","time22:00",140.255
"12/29/17","Friday","Winter","time23:00",133.83
"12/30/17","Saturday","Winter","time00:00",128.595
"12/30/17","Saturday","Winter","time01:00",108.095
"12/30/17","Saturday","Winter","time02:00",109.155
"12/30/17","Saturday","Winter","time03:00",109.345
"12/30/17","Saturday","Winter","time04:00",111.705
"12/30/17","Saturday","Winter","time05:00",114.34
"12/30/17","Saturday","Winter","time06:00",122.525
"12/30/17","Saturday","Winter","time07:00",117.095
"12/30/17","Saturday","Winter","time08:00",67.65
"12/30/17","Saturday","Winter","time09:00",36.39
"12/30/17","Saturday","Winter","time10:00",24.92
"12/30/17","Saturday","Winter","time11:00",24.29
"12/30/17","Saturday","Winter","time12:00",24.41
"12/30/17","Saturday","Winter","time13:00",24.36
"12/30/17","Saturday","Winter","time14:00",26.25
"12/30/17","Saturday","Winter","time15:00",42.25
"12/30/17","Saturday","Winter","time16:00",107.06
"12/30/17","Saturday","Winter","time17:00",160.57
"12/30/17","Saturday","Winter","time18:00",170.57
"12/30/17","Saturday","Winter","time19:00",155.68
"12/30/17","Saturday","Winter","time20:00",153.48
"12/30/17","Saturday","Winter","time21:00",152.855
"12/30/17","Saturday","Winter","time22:00",140.5
"12/30/17","Saturday","Winter","time23:00",136.36
"12/31/17","Sunday","Winter","time00:00",128.865
"12/31/17","Sunday","Winter","time01:00",107.75
"12/31/17","Sunday","Winter","time02:00",107.685
"12/31/17","Sunday","Winter","time03:00",108.49
"12/31/17","Sunday","Winter","time04:00",111.14
"12/31/17","Sunday","Winter","time05:00",116.7
"12/31/17","Sunday","Winter","time06:00",122.225
"12/31/17","Sunday","Winter","time07:00",126.04
"12/31/17","Sunday","Winter","time08:00",74.715
"12/31/17","Sunday","Winter","time09:00",32.865
"12/31/17","Sunday","Winter","time10:00",23.855
"12/31/17","Sunday","Winter","time11:00",25.605
"12/31/17","Sunday","Winter","time12:00",23.86
"12/31/17","Sunday","Winter","time13:00",28.075
"12/31/17","Sunday","Winter","time14:00",24.06
"12/31/17","Sunday","Winter","time15:00",28.45
"12/31/17","Sunday","Winter","time16:00",86.565
"12/31/17","Sunday","Winter","time17:00",141.725
"12/31/17","Sunday","Winter","time18:00",149.315
"12/31/17","Sunday","Winter","time19:00",156.11
"12/31/17","Sunday","Winter","time20:00",144.625
"12/31/17","Sunday","Winter","time21:00",135.28
"12/31/17","Sunday","Winter","time22:00",134.84
"12/31/17","Sunday","Winter","time23:00",134.04
